user_id,pos_count,pos_mean,neg_count,neg_mean,neutral_count,neutral_mean
AAE0190,11504,0.32627782015251683,33258,-0.5420921318740651,4716,-0.049533503706724186
AAF0535,1385,0.5128519907378548,3333,-0.5914491557105682,160,-0.030000000447034835
AAF0791,8917,0.4482561450443675,18603,-0.6083803712322027,5350,-0.06293458037705064
AAL0706,1128,0.31400709966501444,1771,-0.6027103346966539,561,-0.021568627772377988
AAM0658,1329,0.3901429680772434,4510,-0.55288249169974,659,-0.02185129015869002
AAN0823,1543,0.4101101839389804,1646,-0.5654921108904325,261,-0.08275862192285471
AAS0442,733,0.44733971337016576,513,-0.5656920132058406,204,-0.01323529431486831
AAV0450,1349,0.3916975605965014,1780,-0.5170786620776975,331,-0.04682779525972205
AAW0353,3263,0.406129331805481,5999,-0.5920653463547618,772,-0.081088084109861
ABC0174,6649,0.4416754476637531,35621,-0.5288256940123561,5825,-0.04954506511596139
ABC0253,6018,0.4162512463045481,22514,-0.5608510311212772,4148,-0.05429122549559824
ABH0663,2253,0.4760319688619903,6130,-0.5911582379731035,1651,-0.033192005340147566
ABM0845,1104,0.5194746507331729,2033,-0.5730447645367394,323,-0.02724458244931956
ABN0239,8326,0.5783089175328179,20084,-0.5485212110833233,4460,-0.05733183941933339
ACC0042,11295,0.32451527751207143,25284,-0.5540460445130622,2757,-0.07482771239539701
ACV0812,12046,0.32044662767008414,15084,-0.5733293679912553,4010,-0.0178054865496117
ADC0391,5649,0.3637812031549381,22918,-0.49533118144261584,4303,-0.06100395164107711
ADD0846,1132,0.5102473615402152,2109,-0.6355618768009093,219,-0.024200913602630842
ADF0397,8069,0.4727351656706452,21326,-0.5363640654519443,3475,-0.044230216486419706
AES0827,1157,0.5115816889454706,1889,-0.5803070444083201,404,-0.021534653786237878
AGB0186,3541,0.4777181640149543,4977,-0.550452085373175,1516,-0.02374670220081913
AGB0643,3573,0.5095158199319111,5874,-0.5642151949197247,587,-0.03645655931666925
AHC0142,9914,0.33405286329502487,21173,-0.5205261485748521,5583,-0.009170696894669435
AHD0848,1692,0.5304964632764635,1897,-0.607538222049058,231,-0.01948051977080184
AHG0634,1047,0.5007640916388038,3223,-0.5627365882606414,470,-0.04872340498135445
AHM0410,5483,0.4073864832023145,21374,-0.5191166855222641,6583,-0.017059091853774935
AIB0948,1167,0.349100260873227,1865,-0.5721715871754025,428,-0.04836448670199541
AIH0675,11156,0.3963427770643753,19852,-0.550710264081445,1767,-0.046745897697134074
AIM0627,10518,0.4312987318508615,37566,-0.5106825344786123,7806,-0.04096848639064711
AIP0394,9285,0.4248572997006602,20244,-0.4899130602203629,3246,-0.03955637766891839
AIP0982,4790,0.5790187886105326,27633,-0.6195418525662306,2077,-0.014106885140396737
AIS0405,8920,0.4106838613406091,20057,-0.4861843768226225,3893,-0.028384279898941257
AJC0840,1635,0.5288685102346111,1697,-0.5576900511400519,128,-0.03828125057043508
AJD0074,7572,0.3948362455681179,31565,-0.5200095112739568,4981,-0.04774141809746961
AJF0370,11132,0.4243083053164417,26313,-0.5223729772728897,5000,-0.07260000108182431
AJH0175,12202,0.5357482429740957,35155,-0.5041075295090354,5581,-0.05128113317769438
AJL0462,991,0.3812310867665634,1758,-0.5075085449188236,365,-0.020547945511667696
AJN0607,12181,0.3972826583957635,35667,-0.526481068427677,8204,-0.044856168391470906
AJP0723,1056,0.31013258160656376,1905,-0.5571653613346456,499,-0.045891784250975134
AJR0319,10083,0.47140732881664155,53230,-0.4958068798630506,8939,-0.053954581853320284
AJR0932,5956,0.4177803985381723,10177,-0.5909108794018387,2394,-0.02773600709667381
AKC0924,14170,0.414664788832842,14410,-0.5127342209033797,4290,-0.07948718067163076
AKF0709,1113,0.34474394035334,1907,-0.6168327268797125,440,-0.04886363709176129
AKH0758,2875,0.5707130459754364,5966,-0.5325176081464988,1164,-0.035395189530865845
AKK0329,3055,0.3854991850993442,5042,-0.5078936999915659,1937,-0.051626226892161134
AKR0057,7664,0.3874347693839019,13870,-0.519502533653183,4929,-0.0321769126320398
AKW0167,9674,0.4944283720918411,26034,-0.5429937786162884,3736,-0.059073876683267204
ALB0892,2128,0.493045117583518,4117,-0.5891668806239359,570,-0.07403508882250702
ALC0788,3089,0.48964067153673646,5487,-0.5579004945983342,1458,-0.06604938370026188
ALD0529,3184,0.4782663364847888,6115,-0.5832215946371792,677,-0.012703102109527306
ALD0544,4118,0.3247450297936298,21907,-0.5605103407170263,6750,-0.07721481596540522
ALH0402,9065,0.43120794416920494,20433,-0.46546273542423056,3372,-0.03727758062665361
AMD0077,14346,0.42584693030345544,42298,-0.5339637832124524,9096,-0.08149736269197788
AMH0464,1090,0.3334862460031969,2049,-0.6433382157278154,321,-0.051713396409218924
AMH0794,5421,0.35764619360752287,19477,-0.5775068060130549,7972,-0.06452584140305535
AMJ0297,1194,0.4438023544735645,2020,-0.6315346528766769,246,-0.08780487935717513
AMM0014,17134,0.4958445254517183,40964,-0.5212601382871378,7642,-0.04063072554655987
AMR0318,8213,0.4998417238809298,39181,-0.49998979189032566,8658,-0.05786555872782187
AMR0400,9329,0.40093257835020857,20381,-0.4774986543322468,3160,-0.01731012684021947
AMV0036,13044,0.4242487016280474,26659,-0.49315053741931647,9775,-0.0411048599475485
AMW0392,14863,0.4486846537904793,20799,-0.45614212518045205,4838,-0.018210004405289852
ANM0123,1364,0.2515395955562242,1192,-0.6403523563788641,294,-0.07925170186121448
ANP0555,9206,0.36965023518958584,19314,-0.589111526743113,4350,-0.059701150314903806
ANT0430,14795,0.4157215406646717,13733,-0.530241026562951,4342,-0.038023952662409426
AOB0019,15807,0.4358828473967454,15158,-0.4519329791428279,8479,-0.002346974914085754
AOK0844,1467,0.514996603948979,1975,-0.5905822810266591,388,-0.04510309345559361
AOS0987,8609,0.3378673558631748,17270,-0.5451360766183246,5261,-0.03721725963080163
APG0307,917,0.48015267778931425,2192,-0.6088959845394766,351,-0.011396011565825198
AQD0820,11777,0.414715129115656,18050,-0.5723102552590278,3043,-0.04676306346383018
ARA0252,9825,0.5485597968404833,18194,-0.5754754333472768,4851,-0.049453721619210175
ARB0834,483,0.4383022911831212,1371,-0.5848285981354098,256,-0.04531250067520887
ARB0881,2303,0.3573599692419514,6008,-0.5198235806950756,1723,-0.02780034864408916
ARD0509,2245,0.45755011629819337,7724,-0.5704945712444357,411,-0.013625304339285894
ARL0034,13098,0.40611544032611724,27752,-0.51934275715581,8628,-0.011474269990173269
ASB0796,2274,0.36921724523094107,16773,-0.5737733264431888,6128,-0.04913511822564289
ASD0577,865,0.5034682172657438,2038,-0.5882728198895979,547,-0.024131627416262024
ASG0048,12715,0.3635705900459462,24014,-0.5618972311807362,2715,-0.06869245037903005
ASG0692,8252,0.3822952124632812,17716,-0.5514676034093899,6902,-0.05917125559050047
ASL0378,4967,0.3005435929926368,22770,-0.6105709302704168,5133,-0.06633547731810742
ASM0575,1300,0.5381538586089244,1893,-0.6172741732141421,257,-0.04747081782799287
ASS0206,16505,0.43863678092181557,28726,-0.5525342955125048,4104,-0.020711501283284285
ASS0517,1836,0.3746187382769286,7153,-0.5711589646655231,1045,-0.025550239615177994
ASV0946,939,0.28029819369252623,2324,-0.6161790015672858,187,-0.009090909226374193
ATE0869,16933,0.46643832020220877,46304,-0.5259005744673142,10968,-0.027233771375909634
ATF0274,12900,0.3480155120749575,15515,-0.5131679079012451,4455,-0.03337822720893438
ATP0662,16173,0.4537810011177929,29021,-0.5497708570642534,8145,-0.020073665124166955
AVM0947,772,0.4485751326374439,2322,-0.6764427152984518,20,0.0
AWM0764,3310,0.4766163179048779,5665,-0.5250132442572847,1059,-0.023418319517987535
BAH0875,10807,0.43593042327791376,38931,-0.490478028724362,6314,-0.06053215167805255
BAJ0654,3154,0.5075459819341394,6481,-0.5950007840285164,399,-0.006516290823917341
BAK0964,1447,0.36012440329802475,1926,-0.6600726917308687,87,-0.03908046035245917
BAL0044,11976,0.3755177053950762,26754,-0.5506802788801441,2649,-0.032880332690785635
BAM0611,9880,0.5144838104703227,39166,-0.5133329967542571,7006,-0.043163003783344436
BAM0636,2153,0.29242917262381085,5940,-0.5511111212097836,1912,-0.02217573254801738
BBG0325,8664,0.4471375890160435,38340,-0.5321074588256356,9048,-0.04740274164357958
BBH0810,10597,0.41315467054592253,15864,-0.6056038879752309,6409,-0.034342331608635604
BBS0039,5793,0.49720352742516805,9969,-0.5730063228953243,2116,-0.07183364946359948
BBS0422,7835,0.41112955963737124,24031,-0.5519870193339154,5659,-0.04059021088934383
BCB0679,8487,0.3357252322784354,14864,-0.5666577028615883,3344,-0.03295454594560645
BCM0653,1686,0.3926453207700137,7300,-0.553260279324365,1048,-0.04580152740005319
BCR0581,1304,0.5710889726442976,1733,-0.6300057722131984,423,-0.02269503579917529
BDB0453,1208,0.46746689498745253,2106,-0.6102564132720204,146,-0.036301370403946265
BDI0533,3389,0.43989378172991095,8624,-0.5624188401568716,1517,-0.04917600600634583
BDV0168,5487,0.5045926789684397,17579,-0.5361340248733598,3667,-0.056776657513613785
BEC0505,6484,0.4590376271113045,40261,-0.5055040885308458,6193,-0.007330857528905654
BEH0615,6629,0.5703726138007517,42728,-0.5763574255582596,7667,-0.044137212083285894
BER0314,9107,0.5019765078679481,39581,-0.49283747558278296,7364,-0.043658338510418705
BHC0665,13100,0.43241985505944447,18693,-0.5404162055871616,982,-0.06720977696891715
BHW0458,1408,0.40475853088587016,1453,-0.5662078581755521,599,-0.012186978478762064
BIH0745,5091,0.30261245427425987,13940,-0.5359612645076286,4298,-0.03392275527514874
BIS0247,6050,0.4542314106977183,19833,-0.5524277710807322,5257,-0.05288187257799559
BJH0354,16020,0.44015606724786177,25010,-0.48287085935217244,8448,-0.00989583348079274
BJH0811,11978,0.3896476920979621,17676,-0.5712321853384453,3216,-0.03485696569353861
BJM0111,2640,0.4688257641243664,7240,-0.5217817707162207,792,-0.042929293568989245
BJP0134,1332,0.4413663736536159,1861,-0.6170875863209647,267,-0.029588015422169187
BJW0619,8731,0.6468102204232687,39139,-0.5702930577027937,8182,-0.07263505363673431
BKW0374,10989,0.40681591800160877,22240,-0.5699910090412114,6159,-0.07480110518996022
BLB0114,7367,0.3708022275275383,21421,-0.5290089199678342,2352,-0.041836735317293476
BLL0929,10135,0.45856932112087917,15259,-0.5503112955698922,7476,-0.020478866008743685
BLS0678,4083,0.48599069735786654,12356,-0.5575590864072324,2658,-0.031828442912204005
BMC0547,6638,0.5301596866968293,20466,-0.5827372266140011,5766,-0.06685744116274672
BMG0917,14712,0.40357531747431813,14092,-0.6039171236805911,5796,-0.0361111116492086
BMM0112,2303,0.4926183273513525,7380,-0.510528458408547,351,-0.035897436432349376
BMS0877,2762,0.43653150530266294,14665,-0.5377974817198452,2985,-0.037353434392455434
BMT0528,2108,0.3213946907348097,6451,-0.5527050172755043,1475,-0.012542373068251853
BNG0237,7636,0.43488738385325265,18416,-0.45026607720098816,6818,-0.026503373818222327
BNR0965,1015,0.4628571510681965,2042,-0.6071498568929607,403,-0.012903225998724661
BQS0525,386,0.4795336877936835,773,-0.6080207061528543,164,-0.051219512958352156
BRB0355,15636,0.397026102978476,27522,-0.5494295524751479,2342,-0.017335610847560693
BRM0995,13179,0.25837317212564703,18291,-0.5848012720303175,3130,-0.0481150166914105
BRS0734,6518,0.19168456936447706,9410,-0.5815090375723798,1892,-0.027695560666395797
BSA0431,12833,0.4774253982822707,14968,-0.50710850379931,5069,-0.044643914652225836
BSB0990,14024,0.45115517025480883,16491,-0.5663149625317756,2355,-0.03205944846073786
BSH0445,17706,0.39779736929287296,12913,-0.6364671304806967,2251,-0.0411816976372002
BSS0369,6208,0.34360503273675236,15907,-0.5780788350185473,6446,-0.05502637376441853
BSS0463,1382,0.35137482617163623,1773,-0.6342921644634133,305,-0.06459016489689468
BTL0226,4908,0.4109616975930763,11731,-0.5945955250241061,3599,-0.02114476274909096
BTL0722,1539,0.4913580316258685,1354,-0.573412119670932,567,-0.025925926312252327
BTN0061,8394,0.3987848489770072,19914,-0.5491865129124284,4562,-0.0543402024756681
BTR0403,7366,0.3500407298320326,20946,-0.5195264041375421,4558,-0.046774901969488275
BTS0011,16626,0.5248285773431267,45331,-0.5515122184255132,3783,-0.0678297657477235
BTW0005,18234,0.4484095703628622,66448,-0.5722655316347437,13928,-0.026234922849288075
BVC0790,12847,0.3565657449931294,24409,-0.5417428092807538,3879,-0.058313999322155884
BVN0514,841,0.461474443135803,2199,-0.5868576733279413,150,-0.055333334157864254
BWH0813,10263,0.46902465689711365,20552,-0.6343470255645994,2055,-0.03844282295727092
BWP0202,11140,0.30912029253422574,23215,-0.553801425915968,5089,-0.041737080598350684
BXJ0010,8044,0.44413228211567835,45537,-0.5633484932569071,12159,-0.05799819150491808
BYP0070,4149,0.490648359609788,14744,-0.5587561057907808,3717,-0.06768899751120047
CAA0612,7228,0.4966519183886929,41050,-0.5931205824046565,10542,-0.03586606010568479
CAB0388,9793,0.409404681108981,19530,-0.5440553022229055,3452,-0.08545770695128695
CAB0614,14186,0.510129708274159,31940,-0.5567438944185161,9926,-0.022647592519623318
CAC0889,347,0.3916426527311204,1297,-0.5820354745768545,96,-0.058333334202567734
CAH0936,5559,0.48292859384086756,8261,-0.532199493401594,3382,-0.022797161782637354
CAM0102,9438,0.33077983476946254,17083,-0.5278815220449817,6349,-0.01064734619740408
CAM0681,13190,0.4318498965671923,16886,-0.5451202198420037,4524,-0.012245800359311302
CAN0842,896,0.4603794770830843,2278,-0.5900790168134343,286,-0.029370629808285854
CAS0507,2958,0.3643340144011723,5698,-0.5240084309955989,1349,-0.027724240591032935
CBB0365,10584,0.422288363675558,21276,-0.5872156390926234,7584,-0.07671413616422673
CBG0398,10928,0.45218704541051546,18764,-0.41329141461555063,3178,-0.05368156152993647
CBG0490,14128,0.3649631974288386,31895,-0.5484025685418865,10029,-0.005982650403237578
CCA0046,5794,0.3212461203303282,13577,-0.5189806366615217,3373,-0.08636229005061022
CCC0393,11339,0.44176735610968326,18620,-0.4726530625799993,2911,-0.03840604660458599
CCH0182,3955,0.42316056276128805,4722,-0.5281448613809661,1357,-0.03669860039946782
CCH0685,10336,0.32190403414619134,15621,-0.5724601550042633,6913,-0.03824678199621973
CCL0068,6506,0.5669074738704531,14800,-0.5925202709023614,6158,-0.050746996534039114
CCM0136,764,0.4616492232649114,1922,-0.6225806405296807,410,-0.04292682990795228
CCM0467,1510,0.3927152410889698,1927,-0.5820965346782146,23,0.0
CCM0855,13465,0.4978462718916878,36427,-0.5176242939254692,6160,-0.06612013085539659
CCR0863,8660,0.47739030535205956,34751,-0.5253374031321861,12641,-0.05028874372855535
CCW0031,10945,0.5231886759407175,28813,-0.4881824225862723,9720,-0.020298354211934065
CCW0524,2488,0.44863344441464476,6238,-0.5079512767548666,1279,-0.013995309043573718
CEB0210,18731,0.46126208583804,25889,-0.4703464857858939,4715,-0.010455991672243318
CEJ0109,9720,0.35765432529074787,14821,-0.4859253803906384,5789,-0.08229400709948405
CEL0561,12226,0.4527727867240955,16843,-0.5469393860728994,3706,-0.0014301133510459133
CFG0959,1099,0.3063694325303684,2353,-0.6546961323940343,8,0.0
CFM0767,4313,0.5149547929208101,5240,-0.525763366320206,481,-0.02869022911774641
CFW0264,907,0.28566703533850274,4340,-0.537949310322099,453,-0.0037527594378189274
CGA0629,11883,0.42242700320800264,36893,-0.48286396029837697,7276,-0.041286421725715894
CGB0637,3733,0.46169301415021446,5604,-0.585314070719489,697,-0.04002869500106513
CGF0337,2970,0.34764310361108797,5004,-0.5196442903130413,2060,-0.025873786793316454
CHG0146,9018,0.4669660712129844,32979,-0.5640225629187103,7481,-0.029087020885241635
CHM0821,909,0.5236523788672338,2132,-0.6201688557807321,419,-0.009546539521729463
CIG0052,13848,0.44078568235074145,20820,-0.5482036587920873,4776,-0.03745812451126837
CIM0271,12089,0.32522955752304583,14510,-0.45092350876203985,6271,-0.016807526960705213
CIM0926,7526,0.41912038686754316,10560,-0.5130303119139915,3669,-0.03147996776262854
CJC0494,12038,0.43386775193991883,35595,-0.4438938082369681,8419,-0.00571326769411401
CJF0802,7982,0.4584064188914337,18891,-0.5852522365281521,7727,-0.055713731903060684
CJG0470,1437,0.3911621512828308,1951,-0.6367503898242142,72,-0.002777777819169892
CJH0702,1520,0.361315794274407,1781,-0.5525547517343293,159,-0.056603774428367615
CJK0200,10817,0.41086254046476184,24363,-0.5003283689845124,4264,-0.07115384721412109
CJM0138,1122,0.4560606121259896,1983,-0.6757438167275892,355,-0.03859154987083355
CJM0521,3921,0.4983677681335014,6812,-0.5490604907654869,2694,-0.04469190860953964
CJP0952,1457,0.43191490534056354,1763,-0.564492352319521,240,-0.036250000540167096
CJV0286,3139,0.44262504668543773,5911,-0.5310945738251289,984,-0.03831300870098961
CKB0427,16054,0.441727929231709,12790,-0.570015641891975,4026,-0.034600099869779376
CKB0482,11251,0.4703048632699811,33718,-0.5080224238903973,11083,-0.02992872010671435
CKD0680,6055,0.47004128657742833,22349,-0.5298536908621756,4466,-0.08248992509842987
CKH0144,9379,0.3206312051315986,18897,-0.5085039982546472,4499,-0.015314514564723273
CKP0721,1413,0.4533616471284261,1557,-0.5985870319601045,490,-0.014081632862893902
CLB0774,1966,0.484944054529086,6952,-0.5536680174016225,1116,-0.04865591470352424
CLD0894,1995,0.5544360933746013,6883,-0.578788326757948,1156,-0.007871972435640629
CLF0852,9957,0.38994677668850597,33129,-0.5433728786138099,12966,-0.058105816074852296
CLH0703,908,0.4432819459078596,2334,-0.638260498240705,218,-0.0339449546342596
CLS0296,911,0.45521405704000517,2400,-0.6896249943040311,149,-0.002684563798392379
CMB0912,19806,0.3491012895481491,32269,-0.5433759999619141,8414,-0.029486570441761124
CMM0487,13036,0.41354710274313394,30436,-0.49061966751773,12418,-0.02999677931636999
CMS0454,1259,0.3623510801527025,1945,-0.5096658220404524,246,-0.02804878090576428
CMW0783,3890,0.3982519348321966,4258,-0.5264678335682559,1886,-0.042099682493718024
CNB0900,2381,0.40613188092346103,5910,-0.5285956097183695,1714,-0.01761960352976375
CNE0352,30875,0.4684858408756102,28526,-0.5317324577967005,6339,-0.08796340247813338
CNM0800,6792,0.39537691759895555,17721,-0.5236555538757492,8357,-0.08008854971560933
COF0120,13555,0.23050535410389783,14396,-0.6445887771748973,1803,-0.03904603496896381
COM0321,7951,0.3996101191618535,39683,-0.4999395240197465,8418,-0.04927536305310069
CPG0322,11506,0.35825656828296176,31159,-0.5280593108612841,10273,-0.036756546834097
CQH0701,968,0.38997934816389784,2206,-0.5895285621717747,286,-0.039160839744381136
CQH0730,14181,0.13125308730035515,33066,-0.5337627784777761,8805,-0.013867121160639612
CQW0652,2393,0.546092774773486,5997,-0.5653160000435805,1213,-0.06661170750537002
CRD0624,1294,0.5190881051272844,4901,-0.5600489732459525,1095,-0.037625571336920405
CRK0916,10241,0.44293526447811066,16510,-0.5313688732986014,6119,-0.026883478093028438
CRO0027,9129,0.4165297497554786,20980,-0.5423164917534311,4491,-0.051948341900788446
CRP0456,1918,0.4511991732863552,1261,-0.615701836621733,281,-0.020284697811162343
CSB0080,8882,0.46544697827897985,23827,-0.5386956003508045,6735,-0.07066072859561434
CSC0217,3388,0.33258560068527104,8187,-0.5330279763199638,1310,-0.0517557259620601
CSH0626,6693,0.5831166940436366,42971,-0.5825277512286186,14326,-0.024961608636650513
CSJ0340,3628,0.45281147345686956,5060,-0.5348419056638427,1346,-0.019465082013677876
CSL0949,1001,0.437162843513322,1674,-0.5847072915364337,785,-0.053503185510635376
CSP0197,15023,0.21467749866354618,20492,-0.6004879968671705,3929,-0.022193942809717804
CTA0020,10225,0.4775452425296266,21692,-0.529766742508943,5451,-0.003999266249283675
CTR0341,5872,0.4113589916429013,4310,-0.518259867718076,4057,-0.04947005249954722
CTR0697,1285,0.5259922221882798,1826,-0.6096933240811508,349,-0.0008595988666772159
CTW0500,11645,0.49287247871664164,35873,-0.5431104188602862,8534,-0.018221232987711573
CUD0795,5863,0.449957364616379,21532,-0.5598458122436428,5475,-0.08259360853667673
CWB0065,10598,0.42269296728736794,19550,-0.5875191832289977,2627,-0.03437381094235815
CWR0502,12703,0.4439345083700844,34101,-0.5344828639247964,9248,-0.023118512455219318
CXC0336,4317,0.42052352050643343,3935,-0.5254637947568748,1753,-0.020479178856218874
CYA0506,749,0.4473965336507726,2118,-0.5906987809439782,178,-0.05168539402859934
DAG0558,10090,0.4019623503834748,17287,-0.5380227941643229,5493,-0.04063353419369
DAL0673,6918,0.4687337384961199,23782,-0.5618408958124268,3800,-0.05460526397157656
DAR0885,210,0.45047619608896117,735,-0.5945578318874852,128,-0.007812500116415322
DBB0384,6505,0.2527747943241444,21203,-0.5779323713448185,5162,-0.08537388736283258
DBG0261,6234,0.4065928769142229,23462,-0.5610945401547327,3174,-0.06940768849487265
DBS0235,7847,0.42718236521598535,19982,-0.521839660656976,5041,-0.021225947548983187
DBW0483,17331,0.43781085966801825,30548,-0.4653070640783277,8173,-0.006594885697194738
DCC0160,18728,0.27385733448349286,34317,-0.5442492053936171,12695,-0.025679401721762786
DCH0843,849,0.47938752777268945,1538,-0.5864109241915927,504,-0.05317460396696651
DDA0476,13630,0.41277329488899983,35694,-0.4506443718230884,6728,-0.005826397233074542
DDM0579,939,0.4723109803990688,2208,-0.6299365951234231,313,-0.013418530551389383
DEB0782,2682,0.5294929223689323,6922,-0.5301791469711026,401,-0.009725685930460172
DFH0188,3078,0.42768031616511865,5083,-0.5428093721518102,1873,-0.028777362948837475
DFR0218,11198,0.419869625498129,24529,-0.5544906078589386,3627,-0.037717122150118236
DGF0443,18874,0.42922010185856035,11034,-0.5504078316501091,2962,-0.04145847462183072
DGM0754,1353,0.22091648526109772,2887,-0.5431589902913153,458,-0.02358078637758197
DGN0480,12072,0.43012757295023,29517,-0.5292102918066693,11709,-0.01317789754028945
DGW0752,11441,0.24763569842410893,36020,-0.581612992262688,8591,-0.0369805616033173
DHM0937,7968,0.3705697886021172,18444,-0.5492517943965641,6458,-0.03456178434901505
DIB0081,2780,0.3847841766053181,10567,-0.5370682327543379,2043,-0.07640724538721061
DIB0285,3561,0.41642797272783155,11503,-0.5229766193712876,2532,-0.024605055658902978
DIC0988,8399,0.465841175918459,23051,-0.553945599061373,1420,-0.02007042283428387
DID0650,2010,0.4853233915100347,6896,-0.5321925823574587,1099,-0.022747953023229326
DIW0118,10823,0.43677354191239653,31310,-0.5360012797126561,7345,-0.07794418087555001
DJB0159,18199,0.33255673790280654,39518,-0.5386836424755015,7833,-0.047631814829519115
DJS0682,7935,0.3890737356999496,20272,-0.5341554880928727,4663,-0.024340553654574694
DKB0631,1888,0.28744703772383096,6355,-0.5551219622208132,1791,-0.023003908773829056
DLF0377,4729,0.5491012917557008,23234,-0.5946716014582821,4907,-0.06659873749127766
DLH0029,2874,0.43761308213323874,27829,-0.4783966429605199,2167,-0.04296262177540291
DLM0051,18418,0.4363014518940361,51489,-0.5422633989640306,12933,-0.04912240079383807
DLS0383,3743,0.329308045366662,22855,-0.48839203943128634,4542,-0.06508146288084175
DMG0358,9834,0.38146228005115956,24143,-0.5581245158415902,5447,-0.07020378294441051
DMK0257,5320,0.41859022462810563,20501,-0.5709526404708626,7049,-0.07182579196261284
DMM0623,15156,0.3924254462320537,33238,-0.5713430419532864,9116,-0.032108381347254265
DOL0332,3804,0.45817561184578076,4891,-0.5234103524515512,1339,-0.02389843202153634
DOP0562,12975,0.29456648279476716,13798,-0.48875199923253193,6097,-0.029768739167551378
DPM0423,15661,0.3759210866172266,12592,-0.5227843131219171,4617,-0.02427983575274424
DPS0262,2128,0.442622182778734,5811,-0.557219072014755,2606,-0.07854950232166834
DRR0162,11843,0.385856632726761,14516,-0.5505649048602016,2934,-0.04342195020395635
DRR0242,9569,0.5701327247383365,25868,-0.5447193434067648,4163,-0.047153495778308414
DSB0731,21280,0.19702537986449897,25784,-0.63431585197988,8988,-0.02716955981740805
DSM0591,1536,0.5320312596207563,1684,-0.5935273170825138,240,-0.03666666721304258
DTP0379,6260,0.4606070307223275,20989,-0.5470198719701077,5526,-0.06123778592880075
DTT0076,10285,0.5071754977121536,43958,-0.5411984208450749,11497,-0.09047577763766095
DVM0265,9431,0.18035203445350842,22092,-0.5207450681140235,3077,-0.025869353651651748
DVW0103,10586,0.3628471659441177,17168,-0.5215226025203414,5116,-0.026856919868533922
DZC0228,8317,0.3508837335470119,19227,-0.5801945268067752,5326,-0.01648516735041719
EAH0466,141,0.460283691050313,152,-0.5526315881625602,57,-0.04035087779425738
EBC0390,8408,0.35173644844733254,17310,-0.5602079778462046,7152,-0.09818232808495461
ECF0828,743,0.5293405238203053,975,-0.5725128292731749,392,-0.04693877620964634
ECL0930,11330,0.4533362838618017,16481,-0.5560949003829893,5059,-0.03567898847393943
ECR0822,882,0.45589570815161784,2082,-0.5756003878989205,496,-0.052016129807358785
EDA0684,528,0.38996213206061814,2110,-0.596966827968003,687,-0.003056768604501366
EDB0714,778,0.5029563036744883,1490,-0.6056375843266513,280,-0.05321428650724036
EFS0882,2884,0.33349514906856537,5223,-0.5013593847487317,1927,-0.0339387654252911
EGD0132,662,0.523867073736162,1332,-0.7096096037162675,43,0.0
EGD0409,3350,0.38814926128334076,8579,-0.5229164268576136,1371,-0.01218089004292443
EGK0893,2988,0.6071954589820849,5800,-0.5775172502136436,1246,-0.005698234434830052
EHB0420,10130,0.4570088938827399,20750,-0.5455662693144328,8000,-0.050237500748597085
EHB0824,483,0.6726708193126426,823,-0.5820170136876993,288,-0.0024305555917736557
EHD0584,634,0.48533124309797016,1116,-0.5827060956975252,143,-0.0335664340666124
EHR0096,15454,0.5352141861182506,12075,-0.5191221605176511,5341,-0.0109342821326021
EIM0156,6461,0.48715369070444364,22102,-0.521102169167401,4307,-0.03243557048564946
EIP0997,11275,0.2176851470428137,17460,-0.6189862494914871,4135,-0.05571946878675394
EIS0041,7054,0.29115395848080833,26618,-0.5707340974189121,5598,-0.02413361950931527
EJW0884,3104,0.4547036139884983,5624,-0.5700569100423609,1306,-0.0498468613859614
ELB0847,700,0.5027143036786998,2287,-0.5749453472801833,463,-0.017494600692655304
ELH0960,1623,0.42285890963550565,1502,-0.5649800341174542,335,-0.01134328375111765
ELT0769,1901,0.38642819765083164,5916,-0.5029242796857386,2217,-0.005593143971481461
EMB0531,3596,0.38959956161255166,5407,-0.592805629136912,1031,-0.05150339552982702
EMS0317,11906,0.37879221428948534,34759,-0.5110388705380723,9387,-0.04869500445417287
EMW0105,8215,0.339500917671152,26453,-0.5578346537936681,4548,-0.02891380869821959
EMW0772,2745,0.44477231868954953,5870,-0.5429301595413705,1419,-0.01923890092093143
ENC0234,4578,0.4761904822121337,16919,-0.6237957436183826,3108,-0.03703346258530362
ENL0100,9190,0.3821218818872032,19314,-0.5217303535621816,4366,-0.020270270572320837
EPW0434,11381,0.40609789433299986,16319,-0.5522335984437837,5170,-0.03684719590689965
ERH0449,1331,0.4664162362398822,1808,-0.541703547878537,311,-0.0022508038920604915
ESA0642,2464,0.47987013475594487,6843,-0.5477714529755031,727,-0.01925722174500173
ESH0135,764,0.42774870113045443,1991,-0.5977900573681612,705,-0.021560284009216526
ESH0283,5745,0.5176501315712825,22214,-0.5457909446774147,4911,-0.040073305423039815
ESJ0670,5595,0.3815370865692189,32445,-0.5636430929164192,6610,-0.04045385839403487
ESR0693,5646,0.3955189580156518,8509,-0.5071923930768415,1900,-0.006105263248870247
ETR0177,13519,0.36330351179968684,21769,-0.5301759442656505,4042,-0.01625432978204015
ETR0428,12311,0.4565673074268586,17980,-0.5697107949465082,4309,-0.04660013993784014
EWH0191,12228,0.32928525398116426,32594,-0.5016843641840066,4656,-0.0583762895296683
EZH0736,21556,0.24605678606036643,31409,-0.5659078647431749,3087,-0.0446388085692841
EZT0640,2267,0.37445964209692667,6597,-0.5462028285454887,1170,-0.021367521685922247
FAW0032,17887,0.4018952394273067,25270,-0.5631658137770429,6321,-0.030026894926157316
FBA0348,11926,0.3654871755255392,32013,-0.5637865896800374,5539,-0.02083408588546561
FBW0747,21357,0.3317881758929767,28354,-0.5660718050745619,9581,-0.023442229761695105
FDE0117,15292,0.2026876831062288,24707,-0.597191081664479,9479,-0.054109084042916505
FEB0306,1156,0.31470588601764715,1839,-0.6337683516604671,465,-0.07096774299298564
FFC0891,1572,0.4280534399289439,3576,-0.508417238604269,536,-0.026492537708202406
FGW0853,11729,0.6018330651187808,38920,-0.5506603268690154,5403,-0.06115121320069288
FHO0630,11397,0.4886900087106099,35157,-0.5048383001371514,9498,-0.05847546939104074
FHS0837,1052,0.5088403127917546,1973,-0.5842372080999404,425,-0.04611764774603002
FIR0920,14922,0.48813832143910557,14640,-0.5537226821036368,3308,-0.0662333746266156
FKB0163,8853,0.4526375301942224,19601,-0.5252129993323592,4416,-0.05622735591031665
FKK0055,9957,0.40326404503664603,28120,-0.5401778101703817,8323,-0.056530098163041734
FLM0213,20555,0.5017854597730319,23969,-0.502428142904161,4811,-0.01793805888297032
FMG0527,1951,0.4157355280525253,4923,-0.5470241822987922,958,-0.03402922806448628
FOB0756,3588,0.4901059130590862,7260,-0.5221074420004345,1477,-0.05416384644014414
FPC0954,1284,0.42725857302569714,1850,-0.634864867973972,326,-0.00521472400408581
FQA0854,8895,0.4380101232305211,38680,-0.5453903866074633,8477,-0.04526365526926691
FRB0023,6400,0.39829688260215335,25739,-0.501561836506447,7305,-0.01805612621019345
FRL0511,3239,0.4681074464139875,5195,-0.5778825881391678,1571,-0.0454487594296263
FRR0832,1086,0.6878453190018239,1511,-0.5396426292364366,863,-0.03499420677869649
FSB0399,9361,0.35878645917290286,18231,-0.502802920581957,4233,-0.024639735779397855
FSC0601,9297,0.40370012560355045,29531,-0.5138904878942882,10880,-0.056737133198390334
FTM0406,8323,0.36786015385187376,11841,-0.5384258126492195,3113,-0.02059107001450833
FUM0015,15857,0.4029135499989437,38763,-0.5554523726215187,11120,-0.036996403428987204
FWM0707,1320,0.4690151570082614,1471,-0.5972807633884905,669,-0.018983557831457023
FXF0957,1371,0.3908096357995276,1882,-0.62024442574423,207,-0.030917874856847497
GAF0060,8931,0.4107042928666874,14427,-0.5125528636003157,9512,-0.047876367408114885
GAF0570,12083,0.38193330266211173,17943,-0.550666002373874,4574,-0.0059247923926151
GBM0603,11302,0.46898779495192555,34258,-0.49813766459596714,6604,-0.03997577285492225
GCC0744,13625,0.232623855948995,33973,-0.5372943226593986,8454,-0.03961438431398141
GCC0945,1343,0.4441548845746672,1718,-0.5851571666330481,399,-0.03383458697034004
GCG0951,1618,0.5881335038106948,1661,-0.6841661641929323,181,-0.0016574585882339688
GCL0016,14234,0.40684278224653386,22170,-0.4997925186431456,7828,-0.026762902800433478
GCR0554,7296,0.4799890408962311,21169,-0.5910435094053268,4405,-0.07423382630480811
GCS0518,2306,0.4126626250640217,6338,-0.5697223184052497,1390,-0.053669065547932826
GCS0571,1419,0.44291756158777323,1997,-0.6413119720200867,44,-0.01590909114615484
GDF0704,1185,0.41654008943194576,1961,-0.5610402937007765,314,-0.03407643362879753
GHH0288,1038,0.34942197081900284,2415,-0.6949068274433815,7,0.0
GHL0460,952,0.3585084109340145,1189,-0.5513036259966202,150,-0.0593333342174689
GJD0298,834,0.5507194302279315,2180,-0.6069266048456551,446,-0.03654708574638773
GJT0386,5560,0.34893885213318915,21739,-0.5741984454950143,5571,-0.035541196006180206
GKO0078,13870,0.38444845642848846,37574,-0.5029062677779396,14106,-0.06959449983187792
GLR0975,11809,0.43174698473206624,18951,-0.5366893569475856,8684,-0.00884385089180207
GMF0738,22118,0.22078398328726886,23080,-0.5461308507813686,10854,-0.03584853563645125
GNS0178,9465,0.3648705839858884,19282,-0.5333730970603922,4123,-0.05428086425779284
GNZ0953,1096,0.3958941689780811,2058,-0.6092322660706018,306,-0.045751634668680576
GOK0238,4896,0.4521241874686667,15144,-0.572173801051503,2855,-0.03057793390573428
GQF0659,2638,0.40299470087766104,5908,-0.5560595907533217,1488,-0.07547043123212392
GQP0743,15980,0.30596996824605593,33684,-0.5595802170714536,6388,-0.013227927560918616
GRC0145,10858,0.44811199762532344,22417,-0.5931480656864758,6169,-0.04310261046558904
GRM0868,12539,0.3875588229972881,32500,-0.4688830803174239,11013,-0.05307364103420764
GTD0116,7248,0.34657837201843233,31244,-0.5151165059624943,10986,-0.049299108690193785
GTD0219,2901,0.3010341340007555,9194,-0.513030242473892,1347,-0.06518188664314918
GTD0898,2710,0.46789668685725694,6410,-0.5535725526011864,914,-0.03851203558481496
GZB0469,1714,0.37543758100100827,1657,-0.5937236077143762,79,-0.008860759625706491
GZC0735,19244,0.1486281460757762,35980,-0.5765591983064768,5823,-0.014975098969497039
HAC0282,4698,0.4179650938297749,23968,-0.5379714643587675,4204,-0.0607278791161433
HAD0246,10994,0.33623795142529095,30699,-0.5286198285519018,5047,-0.09132157853535669
HAH0248,4525,0.39253039067127427,21888,-0.5572459806064525,6362,-0.07829299079256026
HAH0760,4472,0.4606887301886604,3949,-0.494125105185912,1613,-0.06974581629037857
HAM0985,8161,0.39919127984847264,21154,-0.5236692898312859,3555,-0.01842475414234207
HAV0121,10202,0.2395804776786192,19170,-0.5913249870584418,3403,-0.06579488784495151
HBB0056,9051,0.4592752256237753,16361,-0.518623561980373,7458,-0.04797532922119006
HBO0413,7789,0.4103992901687935,18561,-0.5395883866717002,4462,-0.027947109336211296
HCC0344,3935,0.3997204639008115,4256,-0.5303336559598776,1843,-0.03765599622036928
HCL0113,10633,0.4300949906077746,16887,-0.5018712652146432,5350,-0.05985046818156109
HCL0651,2141,0.4743110768284713,6408,-0.5339107467105773,1485,-0.0435016841499091
HCM0267,8758,0.37698104842513847,20701,-0.5747403532646687,1681,-0.017132659386765878
HCS0003,21357,0.3262115514596013,65038,-0.5906915983973957,12215,-0.05204257138540059
HCV0478,14090,0.3838041178845107,31857,-0.49705245809442866,10105,-0.029371598656374533
HCW0419,10280,0.33528211180497586,19399,-0.5492396540757375,3191,-0.009307427277519426
HDD0789,17475,0.42220315961921334,24257,-0.4810157945673636,7746,-0.0235347279520374
HDD0806,16189,0.5044351081414539,22340,-0.5439167496480628,6311,-0.030945967819711106
HDH0928,13963,0.46226456006964206,16100,-0.5905900636852158,2807,-0.036230851982703274
HDJ0446,1789,0.4523756382200823,1432,-0.5739525288509923,239,-0.019665272259562584
HDL0748,16858,0.20253292455834374,31073,-0.6270459892274223,7959,-0.005515768394793438
HDS0367,4240,0.3772405739364056,27102,-0.5785956758562907,8078,-0.07439960497098265
HFB0347,2729,0.47343350073528095,3613,-0.524301137442144,1314,-0.0516742777867495
HGG0240,8287,0.46791360461015646,20336,-0.5288847419759368,4152,-0.04547206233461928
HGH0595,1162,0.4537005282284471,1861,-0.585384206617154,437,-0.03844393649963274
HGN0287,8926,0.3908469678215147,20607,-0.5197068990468574,1517,-0.06987475384279702
HIA0414,10757,0.43352236371756464,17821,-0.5319174082341348,4292,-0.010904007618213966
HIW0536,18491,0.3839381427655876,22455,-0.4920106911786652,8389,-0.041184885582113626
HJA0018,12997,0.4239209160550361,19425,-0.5091428638854696,7022,-0.0036599260015607866
HJB0742,13049,0.2482719027651883,20908,-0.5846039789435009,7015,-0.04111190367747611
HJS0072,433,0.4789838405975569,1512,-0.5261904771424948,430,-0.06651162889807723
HKB0418,10985,0.42271279833047676,16371,-0.5395638635028779,4184,-0.003035372894178955
HKF0831,1165,0.4639485104657038,1790,-0.5663128548244524,505,-0.00198019804930923
HKI0171,8242,0.5758553781663943,37169,-0.5341521152875855,10641,-0.06093412364081505
HKR0628,14314,0.4343370160019496,31818,-0.5728549885762181,9920,-0.033981855345078776
HLH0512,2530,0.5613043559693065,9347,-0.531560939737561,2391,-0.021748222825119356
HLM0933,11880,0.349469708318913,16855,-0.5108276531051649,4135,-0.017025393240397035
HMM0108,1038,0.4225433544114031,3739,-0.5066060477892133,448,-0.028571428997176036
HMW0713,1233,0.39643147288665287,2110,-0.5967298638199178,117,0.0
HOB0994,10141,0.24310226155910228,20634,-0.5958369662910281,2095,-0.0594272085227659
HPH0075,11140,0.4994254966271469,52225,-0.5421981826152112,9355,-0.0813254955998721
HPM0986,8676,0.385062251176467,31176,-0.5188029292499619,9626,-0.038655724656630176
HPR0585,838,0.49498807984739895,2260,-0.5226106268312551,362,-0.03618784584310832
HRB0351,18647,0.4923044017228344,40333,-0.5159695578489527,13790,-0.05248005879506674
HRD0635,590,0.2933898332765547,1565,-0.527731641003499,455,-0.00945054959137361
HRL0540,6531,0.519660090515112,26125,-0.5453320589322223,1744,-0.0385321106659163
HRW0550,6541,0.2939917455969683,21999,-0.5195781638692295,4330,-0.07145496642272962
HSB0196,17892,0.21629219997583446,32266,-0.6162648016735491,6842,-0.022595732578737142
HSD0457,1330,0.4869173019060067,1686,-0.6225385578130488,444,-0.04324324388761778
HSG0818,9829,0.40594160926707074,18392,-0.6073347170152201,4649,-0.06476661744175943
HSP0290,1127,0.33975155792383355,2078,-0.6406641001234958,245,-0.04734693948103457
HTF0641,1535,0.43407166728367635,8074,-0.5735199475494357,425,-0.03670588289990145
HTH0007,19433,0.435619825824596,64470,-0.5867876535210754,14707,-0.013503773914419705
HVB0037,11447,0.4725954464756423,36096,-0.5022467891413204,10086,-0.010688082649845844
HVF0067,5793,0.5338166793205465,20675,-0.552019347993898,4672,-0.04794520619389129
HWH0646,3558,0.4611298472711114,5462,-0.5743683731788377,1014,-0.08145956728879282
HWM0342,3329,0.36127967049039567,4516,-0.48046945319556367,2189,-0.025993604772899075
HWW0436,14451,0.46573248765442365,13800,-0.5819275377744781,2799,-0.026652376245668675
HWY0038,3014,0.3181154676716139,7311,-0.5603611057311105,1987,-0.028434826795126125
HXL0968,780,0.4498717980698133,1168,-0.5807363063556282,277,-0.050902527834319033
IAR0694,9266,0.41966329656015483,23026,-0.5343264153798801,6088,-0.04589356178767813
IAT0263,4939,0.2475804870389666,11588,-0.5689937886960411,1143,-0.07287839128719749
IBB0359,7330,0.3867257897191939,26474,-0.5204918066597898,5640,-0.060230497351405045
IBB0696,1269,0.28100867252987705,2026,-0.6775419535106167,165,-0.031515151984763866
IBM0671,7841,0.44292820311827164,20888,-0.5678715131440664,4046,-0.06945131097064416
IBP0883,2091,0.3666188473844859,7020,-0.5664102662789856,1269,-0.039873917063828805
IBS0836,1115,0.5104035989786477,1425,-0.5738947420894054,862,-0.04605568514103956
ICH0294,998,0.33857716215337685,2283,-0.6618484427048562,179,-0.03743016815551833
ICS0956,915,0.4666666754852227,1403,-0.6326443354359543,192,-0.00989583348079274
IDO0176,7050,0.4700425602157488,38986,-0.5164905367484579,10016,-0.028035144187724247
IEB0153,4682,0.44803503300518827,9303,-0.5084381446099776,3871,-0.057633687244755635
IHK0841,1164,0.41658076663146315,1936,-0.581250005917362,360,-0.04111111172371441
IIA0092,5209,0.2550969528208472,22410,-0.5715439568727956,5251,-0.051704438020503764
IIL0513,3707,0.523442140903745,8401,-0.5513629421809928,1062,-0.030979284830742186
IIW0249,7662,0.3734273101431416,22184,-0.543364588478214,7299,-0.06943417009890512
IJM0139,653,0.40934150553041726,2495,-0.6288176312773882,312,-0.005448718029910173
IJM0444,15028,0.4711937838885214,11184,-0.5336462812263716,6658,-0.011655151870881663
IJM0776,2257,0.46278245978826543,1945,-0.4913110632516425,891,-0.057014591197507285
IJR0825,1176,0.5679421902627868,1769,-0.5572074689034219,515,-0.00854368944769924
IJW0851,4789,0.633744004162487,42806,-0.5103840622978696,8457,-0.03160695329112929
IKP0472,1431,0.35101328573595136,2443,-0.6270159684423535,572,-0.009440559581234739
IKR0401,6468,0.4941867690397474,18362,-0.5022274275505001,2545,-0.06616895972862694
ILC0838,1139,0.4517120406345593,2065,-0.5350121153035984,256,-0.02812500041909516
ILH0958,1428,0.4184173713033857,1628,-0.5934275214260568,404,-0.04133663427933018
ILJ0526,3467,0.5421978730846971,7016,-0.5776653469878938,392,-0.007397959293911652
ILR0304,951,0.5472134647638264,2149,-0.6556537917474082,360,-0.011111111276679568
IMB0481,13442,0.4885954521480034,36912,-0.48686335511799494,5698,-0.03173043220325201
IMG0320,12806,0.4827424695844178,34956,-0.5169327194673619,8128,-0.04591535501490076
IMP0530,1991,0.3276745399739921,7188,-0.5220506503871234,855,-0.023859649478343493
IRM0931,14655,0.43497782674859875,23010,-0.5958061755383497,7650,-0.012470588421120364
IRT0491,11996,0.38080193422903674,37860,-0.500692024178374,6196,-0.007472563055184597
IUB0565,7987,0.39151121136787553,10475,-0.5708066864628212,3892,-0.01816546789658584
IUY0279,8192,0.44990234750366653,19422,-0.508649987323303,3526,-0.026800907943323803
IWM0816,9795,0.3444308387565333,20525,-0.5933447060675046,2550,-0.06654902059950081
IYB0918,9756,0.37617876411687895,17560,-0.5281207363076661,5554,-0.03710839090225591
JAD0609,8050,0.40729192970702366,41709,-0.5683689368445951,6293,-0.03850309925481509
JAJ0849,2025,0.418765442662033,2104,-0.5622623659557036,291,-0.035395189530865845
JAM0382,6829,0.4178210600822191,21621,-0.5106054334594795,4420,-0.05950226333009172
JAV0361,7438,0.37657973289982577,24543,-0.5146640621443539,7396,-0.0614250955610597
JBD0616,12881,0.3855135533615962,37018,-0.5322383748990055,6153,-0.050690720729347015
JBM0350,16177,0.3358101105901126,28264,-0.5437729983442132,5037,-0.04264443184450455
JCC0225,8503,0.34102081890707225,26662,-0.5824919405747011,4243,-0.004030167394487357
JCG0316,8672,0.43431734775254893,36992,-0.5028763016606085,10388,-0.037408548882421185
JCR0172,13551,0.48699727434365037,47616,-0.5691112243552863,4767,-0.07522550982663234
JCR0289,733,0.4251023272680065,2104,-0.645674899935779,623,-0.009470305117041495
JCR0770,3012,0.44077025842698286,5816,-0.49819464560859467,1206,-0.02794361567344041
JCR0921,10666,0.4471216976409298,19167,-0.552204314268095,3037,-0.05880803512062805
JCV0245,9599,0.5363787919948878,19112,-0.5598681476130901,4159,-0.07129117682572597
JCW0858,11399,0.577033078020022,37004,-0.49977029921027305,7649,-0.0740358227792558
JDB0169,13747,0.5136393444670749,36129,-0.5345982501106504,6176,-0.03822862751265611
JDC0030,12347,0.4019518999992773,33344,-0.5515505090640096,8687,-0.04304132676085463
JDF0593,1444,0.4837257762870382,1968,-0.6020833374023801,258,-0.026356589540030607
JER0404,10481,0.458295965585536,18849,-0.45222027977301316,3540,-0.0391525429562997
JFC0557,6671,0.39916055506784115,22351,-0.600644265959089,3848,-0.03105509401785051
JFC0757,3977,0.5444304789108549,4717,-0.49637482175514663,1340,-0.05843283669161263
JGM0934,7838,0.4066726315455736,20341,-0.5843272244213523,4691,-0.05369857253327702
JGT0221,2989,0.27678153832876473,10181,-0.5517729150003094,2268,-0.026234568292160095
JHP0583,1777,0.39611706196356167,1926,-0.5680166221729568,317,-0.005362776105148183
JIG0128,13002,0.25929088097245045,15539,-0.5863955190370608,4234,-0.07347661895034276
JIM0095,12183,0.4246080695315651,22650,-0.5384635834655751,4611,-0.03524181358088022
JJB0127,14884,0.29365090185811893,15836,-0.6375094703035197,2150,-0.04758139605785525
JJB0700,1324,0.4408610314580969,1942,-0.6797116373873764,194,-0.04896907289464449
JJH0292,1011,0.46577646510360504,1958,-0.6502553601278348,551,-0.033938294516609284
JJH0613,10983,0.39521078766545537,34708,-0.47977700153870406,10361,-0.05602741131648722
JJM0203,5605,0.2504014301363854,12589,-0.5638811704913885,1987,-0.020533467844976033
JKB0126,10475,0.24650119654603106,18975,-0.6093544140045822,3420,-0.022134503253806403
JKF0465,2001,0.5379810177575404,1677,-0.5478235057904455,522,-0.023180076973762547
JKJ0698,1474,0.4389416618345955,2578,-0.6129169906522064,368,-0.02989130479324123
JKM0303,927,0.3976267554677677,2260,-0.6702654810078377,263,-0.06273764352041505
JLM0364,8037,0.45882792196935185,25279,-0.5826298509933294,4849,-0.06698288406679669
JLW0053,15406,0.4753407872395981,28217,-0.4859942651662743,5855,-0.009154568881076386
JMB0308,8931,0.46068749551863303,13789,-0.5565015602184437,2069,-0.047849203226300124
JMC0925,14233,0.45122602667827294,15171,-0.5806341103275829,3466,-0.06038661370998645
JMD0520,4431,0.5222523182200083,4823,-0.5853618187464893,780,-0.059102564983260934
JMH0543,2149,0.36389018941918544,14614,-0.5682017266581074,4897,-0.080294058782752
JMK0099,8502,0.37681723004318746,19646,-0.531568768588483,4722,-0.040851334789164334
JML0909,2370,0.4535021143057678,6496,-0.6037715611626105,1168,-0.01755137012454949
JMW0638,2587,0.5027445009230969,7071,-0.5703436640137207,376,-0.025797872724843785
JNA0559,9212,0.35654581848837685,18228,-0.558865481355269,5430,-0.015395948664039977
JNJ0556,9420,0.43656051555241115,16915,-0.513946206077929,6535,-0.02417750609860497
JOL0024,7081,0.3320717496915551,26839,-0.5278661742869173,5410,-0.010203327323945304
JOM0750,18318,0.2307129636661515,29314,-0.5843453646924134,8420,-0.024239905349326248
JPA0667,8087,0.3664028721684075,19587,-0.5495073379186161,5196,-0.06595458142929714
JPW0741,20594,0.25753132283153596,29584,-0.552450647214483,5874,-0.03285665694176441
JRF0835,1123,0.4979519274148788,2006,-0.5500997075084912,331,-0.04773413968410377
JRG0207,14279,0.5581343301531272,17164,-0.3897110306132829,8742,-0.010134980704672029
JRH0455,204,0.5250000085170362,252,-0.5488095350918316,94,-0.003191489409259025
JRL0574,1240,0.5057258117523404,1774,-0.5497181594640588,436,-0.015825688309215623
JRS0362,7621,0.4588111814352459,27360,-0.5673976610289418,4463,-0.06594219233372434
JSA0775,2523,0.4469282631712493,5700,-0.5054912334105425,1811,-0.04362230876708544
JSH0330,3210,0.48218068990427015,4891,-0.5003680305365428,1933,-0.010036213289747815
JTM0223,3760,0.3285638360068836,11190,-0.5725469224134975,1076,-0.026022305220476313
JTS0389,7273,0.5374810920384667,21140,-0.5626395510817995,4457,-0.07258245564741432
JXH0493,16349,0.44633311027506817,31526,-0.4810220184942448,8177,-0.008719579437746459
JZD0888,2931,0.5503582489374594,6448,-0.6037996382274603,655,-0.03633587840404219
KAC0124,10454,0.19311268757426514,19911,-0.6059765959163498,2505,-0.04622754559902374
KAL0395,9175,0.3805013646457436,21949,-0.4941455202028743,1651,-0.013082980207065465
KAT0270,6881,0.3425519637392108,17467,-0.5003492346989676,8522,-0.032562779175671464
KAT0489,17048,0.5110452832127054,28774,-0.507246128921132,10230,-0.0004496578757131321
KBB0189,10137,0.4496498029898454,26917,-0.5527361936862532,2390,-0.030000000447034835
KBC0054,9285,0.37467960083458973,18443,-0.5270238097575108,5142,-0.03778685392751762
KBG0549,5127,0.426701778425723,21980,-0.5320928147671112,5763,-0.07690439122057863
KBL0260,4623,0.4498161361598102,23987,-0.5170050488366597,4260,-0.08260563503373676
KBP0008,29999,0.5047134901394291,63057,-0.576598949838273,10744,-0.05382539171792084
KBS0874,12084,0.49394240837639153,34542,-0.5109403063528312,9426,-0.054455761473452796
KCB0815,12339,0.37345004287086514,17662,-0.5914732239066427,2869,-0.034576508009130424
KCF0045,13083,0.4326530655484803,24155,-0.5866901297570262,1971,-0.07275494781168265
KCO0122,11392,0.25502984989578364,17004,-0.6027934633167358,4474,-0.06890925449128922
KCS0173,9631,0.5652372607855507,34507,-0.509279279241864,8800,-0.03844318239102987
KDS0349,13626,0.42504037255808136,28701,-0.5241315694754475,7151,-0.044567194063627476
KDT0346,2376,0.29814815119862154,5460,-0.5041758313229232,2198,-0.009235668927431107
KES0729,24096,0.24633549425595133,28223,-0.6229068534878056,3733,-0.02295740725342339
KJA0152,8068,0.4814080372000234,27580,-0.5539956581860543,3796,-0.056902002955387464
KJG0910,2291,0.5071148035412842,7350,-0.5619864022265486,393,-0.03664122192004255
KJJ0293,872,0.44587157073712674,2214,-0.5955736214983216,374,-0.014438502888947248
KJM0887,2382,0.4219983271647661,6780,-0.554365792154035,872,-0.013417431392595856
KJP0371,11322,0.5435700396790172,20279,-0.5297401278345442,7802,-0.048141502896292765
KJS0618,13203,0.44630766324210797,36156,-0.5152561153302824,6693,-0.07155236921203736
KJW0416,10380,0.3421002027228733,17063,-0.49185372079141126,5332,-0.034846212072137235
KKC0683,10184,0.5227612025526595,14537,-0.5357707927014138,8149,-0.00019634311250973837
KKS0119,12423,0.4557916828157782,29495,-0.5221325689679507,7560,-0.0568121701587366
KKW0879,8388,0.45752265911796264,42892,-0.5294367276798442,10442,-0.046044819686312806
KLH0596,1120,0.5625892989603537,1435,-0.560557499860222,356,-0.034831461193186516
KLM0639,2394,0.3982038457715322,5386,-0.5172113012474042,2225,-0.04476404561085647
KMB0922,12458,0.3953844969710917,15795,-0.5727698699399315,4522,-0.020654577928299084
KMS0657,2855,0.44252188940077447,5686,-0.5932114076863868,1493,-0.06610850734812097
KMW0545,4946,0.4366761079601103,18893,-0.6156671835837279,7301,-0.0636214226710847
KNB0022,8903,0.4550039361437211,24585,-0.5254545506160386,5956,-0.004029550093624558
KNG0672,5282,0.3858954992902771,18210,-0.58063152988719,5103,-0.044914756695149154
KNW0644,2856,0.5015406207069337,5766,-0.5400277597263088,1412,-0.03654390989298861
KPC0073,4816,0.478488379659323,7597,-0.5681979771474482,1745,-0.05346704950732283
KPP0452,1305,0.45678161734365413,1635,-0.645137619707927,520,-0.0021153846469063025
KPR0497,8873,0.42064690526340154,39993,-0.5477808642907681,7186,-0.013581965134198905
KQC0708,1090,0.45238532790350255,1953,-0.6100870495079361,417,-0.03549160724349445
KQS0415,7591,0.3438940967855568,20358,-0.5596571408548153,4826,-0.017281392715034573
KRG0158,11304,0.2720010673471707,23106,-0.5807842187667929,5034,-0.03486293258147671
KRL0062,12530,0.36162810237440507,22910,-0.5576254965078097,4004,-0.05546953129609088
KRL0501,8971,0.38031434760755045,26758,-0.47869796289745153,7320,-0.014699453770951495
KRM0541,3542,0.412365901933374,20618,-0.5494713415136531,6890,-0.06303338265189758
KRV0372,10027,0.357554606530844,20221,-0.5456159435579965,9196,-0.05210961365165685
KSH0569,7551,0.40060919999519795,19297,-0.5193242500833682,6022,-0.04324144866826011
KSP0357,4370,0.3700915376316901,17398,-0.5533279693399726,5250,-0.08148571549994604
KSP0966,1036,0.42326255544703667,2128,-0.6006109057540509,296,-0.033445946444329376
KTG0091,9409,0.36391753266488397,17005,-0.530673334850735,6456,-0.06308860069226192
KVS0425,14833,0.40355289438628283,15076,-0.5327009845680205,2866,-0.03412421544219594
KVT0028,4267,0.23688774712196914,25056,-0.5383620721818511,3547,-0.03422610707894022
KWC0004,21834,0.4165475892824896,59578,-0.5826613832133954,17198,-0.025119200281271174
KWE0082,8284,0.4766296472765581,19352,-0.5358360895833887,5234,-0.05657241200080891
LAF0991,9597,0.351036782970469,17235,-0.5758688716870098,6038,-0.04244783103994164
LAM0911,18110,0.4863556138792629,24825,-0.5073152117024495,6543,-0.01885985050264455
LAP0338,5351,0.4164268434718822,6198,-0.4676347305915863,2574,-0.049456100193052764
LBC0356,8213,0.40232558960396003,25954,-0.5499730325952245,5277,-0.06596551168980372
LBF0214,19157,0.45360964893891814,38550,-0.45200000365227266,10693,-0.02961750722147178
LBH0942,10244,0.37649357000024747,24706,-0.5660244509026482,8085,-0.03692022318466254
LCB0664,20268,0.38597297166752254,20563,-0.499688763164369,5879,-0.011906787045940004
LCC0819,5860,0.430614341548787,8212,-0.6558451111860758,956,-0.07918410159834509
LCD0622,12296,0.3886141898867928,34758,-0.5070487428221825,8836,-0.04035762848729675
LDB0090,10588,0.34437099406879196,25240,-0.5467947748650556,3616,-0.044579646681987606
LDD0560,1215,0.4176131790496194,2047,-0.5519296567382962,538,-0.005204461044095263
LDG0459,1224,0.32802288273799846,1931,-0.5086483775581615,305,-0.04852459088700717
LDM0587,1010,0.5057425821771716,2137,-0.583668697553926,313,-0.03674121460499474
LEM0605,14851,0.4844791647331513,32294,-0.49634917398783535,8907,-0.04433591623267863
LFS0071,8745,0.3498685024137699,18369,-0.5506832186895007,5756,-0.039037526641468194
LHB0606,2513,0.41683247748286517,8990,-0.4922024504062994,1781,-0.05210555945133507
LHB0967,1271,0.49016523116761357,2086,-0.616682647372938,103,0.0
LHL0309,10796,0.39962949924841773,34458,-0.4815137324949545,10474,-0.057151041523757405
LHN0151,3490,0.5601432717909615,9383,-0.5154641412867929,3735,-0.06522088450600344
LIM0674,6283,0.4300652620778823,21174,-0.5978653111908617,6078,-0.030273116607735056
LJB0826,1318,0.5244309714683,1919,-0.598801463842392,213,-0.015023474402270967
LJJ0905,3251,0.5898800397223599,6189,-0.5755372536473252,565,-0.006725663817034358
LJR0523,1130,0.4517699163308186,3010,-0.5604319017937414,678,-0.024926254058745757
LJT0817,11281,0.40389150628890563,18936,-0.6182245517792483,2653,-0.03362231486211217
LLV0602,14420,0.5529681047525428,33207,-0.5949167297348067,8425,-0.04479525289302056
LMF0980,8316,0.4940476251722185,26661,-0.525963025697084,4467,-0.0705395130278388
LNR0656,2218,0.44409378641515945,6934,-0.5583645904531801,882,-0.022335601239855868
LNS0989,4240,0.34259434356266316,24298,-0.529175243503945,4332,-0.04312096093802791
LOF0311,8895,0.43590781990901484,39801,-0.5398683464102421,7356,-0.044698206212547824
LOM0086,2373,0.39582806645103313,8446,-0.5581695523405001,2671,-0.04747285731541267
LPC0492,13117,0.4316307088213786,32087,-0.4143391449630073,7734,-0.011507628824179383
LPH0572,107,0.5373831909393596,213,-0.5877934280135821,50,-0.030000000447034835
LQC0479,6376,0.394040151573998,21796,-0.4947467449007176,3745,-0.02323097497901229
LQP0508,2690,0.4498884832271856,6132,-0.5968199708952829,1212,-0.03151815228483858
LRR0148,15215,0.40521196614959465,37253,-0.5618742207148775,4732,-0.02155536803041387
LRW0970,1617,0.4792826301939486,1746,-0.6242840830898094,97,-0.024742268409925636
LTS0860,9596,0.45252189349046146,39911,-0.5613715489252643,6545,-0.06444614305352327
LUR0896,2271,0.35847644436692727,4635,-0.5515857728007285,1140,-0.04596491296563232
MAD0496,3074,0.46522446158999503,12407,-0.4386636622990514,3635,-0.011884456848343924
MAD0753,18536,0.2990666842811617,31056,-0.538617337689222,6460,-0.06812693599969057
MAE0331,3138,0.2926704937923365,4997,-0.47824695543250917,1899,-0.017430226694696384
MAH0149,8350,0.5226826388643173,23705,-0.49830837816383433,7389,-0.051373664319458764
MAH0864,11653,0.4889470583853635,36377,-0.500211676532975,8022,-0.04815507426531022
MAR0955,997,0.3780341073646469,1761,-0.5775695684059718,205,-0.054146342270258
MAS0025,6113,0.5091771741284786,18367,-0.5443621780499212,4265,-0.031090270099857906
MAW0166,11144,0.4155330347119211,30851,-0.5281676483874552,7483,-0.024295069184689443
MBG0438,10255,0.43571917336999005,8543,-0.5507081835453842,3527,-0.019279841512128994
MBJ0312,12400,0.3684193613542424,37425,-0.5145410869140663,6227,-0.052095712997259784
MBR0724,1488,0.4243951651357835,1866,-0.6373526312945867,106,-0.01603773608803749
MBW0809,1182,0.40499154256432995,1457,-0.601647230252552,211,-0.006635071188917657
MCD0125,6446,0.2410021748011189,8814,-0.5798502397210603,1460,-0.053767124088863805
MCF0327,8510,0.45486487406453713,38202,-0.4989136725490171,9340,-0.045449679478109524
MCF0600,1113,0.46361187328011305,1145,-0.5745851612507517,195,-0.03230769278911444
MCJ0324,5507,0.5408934165074385,42899,-0.5191566238815505,7646,-0.03896154910267537
MCS0035,10331,0.44630723472426076,27634,-0.5308026386824066,11513,-0.020646226313037957
MCT0720,766,0.35156658539845176,2388,-0.6507956442583845,306,0.0
MDH0580,838,0.5498806797412529,1766,-0.5715741813182831,485,-0.03670103147472303
MDH0686,9760,0.3650000097848414,26021,-0.5125437175572218,7824,-0.0531058290121974
MDM0625,5575,0.5394977658920224,42592,-0.49658386883060684,7723,-0.0404506027003914
MDM0976,15186,0.5041156424869117,17945,-0.6200501530366078,6313,-0.0006336131885956985
MES0407,9724,0.3658679604226917,18958,-0.5592520316835382,4093,-0.04405081912696784
MFV0897,3248,0.4734298096226501,5431,-0.5590867370838971,1326,-0.04947209726811175
MGS0974,10185,0.5065881310715709,25092,-0.5511836499889112,8043,-0.000634091766255865
MHA0798,4763,0.3351879159167312,21002,-0.5610418073473267,7105,-0.06105559556145302
MHG0244,5339,0.35590934638010024,23920,-0.5757065224613882,3611,-0.06145112248866454
MHG0733,14682,0.31316578325390115,35136,-0.5578238921564832,6234,-0.03301251252272361
MHH0180,2727,0.4934360135276981,3705,-0.5382456205996424,966,-0.0292960666891334
MIB0904,1784,0.4771300514725626,7185,-0.5258037670275032,1065,-0.0464788739320258
MIC0726,19896,0.36273623392200094,31676,-0.5430704609438362,4480,-0.031071429034428936
MIL0255,6264,0.41087164890168576,20019,-0.5433238459269694,6587,-0.06476392991602177
MIM0712,1232,0.34082792766464803,2090,-0.6311961765280751,138,-0.055797102280716965
MJB0588,1379,0.5934735405231144,1741,-0.5689833476788555,340,-0.00294117651441518
MJM0510,2793,0.44654494007023016,6424,-0.5937422264766314,817,-0.007221542335271543
MJS0890,2638,0.5031463267751902,5893,-0.5372815298878355,1503,-0.05276114516411316
MKG0711,1381,0.4407675654008974,1880,-0.5602659641586719,199,-0.011055276546646004
MKL0941,11190,0.4205183277567441,17086,-0.5569062408120449,4594,-0.028994340876106806
MKP0861,10994,0.5446789223400543,37331,-0.49443358285412214,7727,-0.04895819925418782
MKS0204,12499,0.3365069247507431,20499,-0.5710620123903382,4370,-0.021533181098901434
MKW0441,3720,0.46026883082844877,4095,-0.5224908459244776,1527,-0.05428945725953259
MLD0755,18345,0.24804034059997734,29544,-0.5506701909970001,8163,-0.0407570752122524
MLG0475,1529,0.4168737823030308,1712,-0.5816004764915348,219,-0.026027397648112415
MLL0598,977,0.5301944852607399,2171,-0.5936434842004363,302,-0.02682119245264704
MLM0950,1346,0.37615156615426953,2399,-0.575031264821357,465,-0.04645161359540878
MLP0668,7446,0.4136986367518531,20344,-0.5477831391269737,5080,-0.038799213176578515
MMB0488,11669,0.5300368515159898,29496,-0.3828281865886897,9055,-0.024638321736548764
MMG0943,9752,0.34060706421687065,18365,-0.5718050695158563,4658,-0.0422498932873655
MNC0717,1185,0.4336708934246739,2070,-0.6056038684171179,205,-0.0019512195412705585
MNR0829,1292,0.47306502664652034,1784,-0.5775224269856386,384,-0.020572916973227013
MNS0224,14091,0.44063586919080644,22963,-0.614066110751679,2250,-0.04688888958758778
MOH0273,9048,0.42344165512440507,21009,-0.5040744503873925,8038,-0.013796964624600495
MOP0763,3417,0.5559262567038141,6445,-0.5555624587000387,172,-0.037790698237543885
MOS0047,5641,0.326998761867118,13262,-0.5909817575669059,1215,-0.04781893075370985
MPM0220,5718,0.302273527108297,15900,-0.529710697322709,2933,-0.04773269760864731
MPT0376,5328,0.4133070653874998,20825,-0.5323985644663368,6607,-0.08223096838138351
MSD0939,9257,0.39021282150425507,19503,-0.548018255402863,4110,-0.009927007447194009
MSG0839,1036,0.5096525223745918,2193,-0.5621523047303479,221,-0.04570135814706664
MSH0040,5847,0.35279630883898677,19503,-0.5262933956631171,3620,-0.0022651934039197574
MSO0222,9877,0.31832540781663665,14283,-0.5688650901902417,2926,-0.06725905773497899
MSS0001,37040,0.40468953405778463,86729,-0.5571977125670431,14231,-0.04275876671121893
MSZ0310,10236,0.3971668671308527,34210,-0.5158725569790756,11606,-0.05645355934544553
MTB0620,11992,0.42131421714586226,35243,-0.4896064502845418,8817,-0.07389134736396807
MTT0901,166,0.4566265100456146,596,-0.6045302089628757,79,-0.011392405233051203
MVB0515,3919,0.5129880158781519,4575,-0.6125683169254188,848,-0.05459905741736293
MVF0594,1118,0.4654740715642628,1748,-0.5667620190510897,594,-0.01851851879446595
MVH0373,1746,0.3674112296655757,4313,-0.5372130797608888,1465,-0.06047781660084838
MYD0978,9515,0.4392327953640937,13212,-0.5067968532745311,5890,-0.009134125772781405
NAB0801,4973,0.4483008302078505,22540,-0.6049645095944616,5357,-0.06053761523846305
NAB0903,2754,0.5488380577818328,6384,-0.5588502582083258,896,-0.011607143030102764
NAF0033,13010,0.43331283929139996,30476,-0.49663013965184805,5706,-0.02772520195537394
NAF0326,10519,0.6432170403113904,58081,-0.5418863339723465,5434,-0.0893632696422532
NAH0503,11004,0.43674118547375007,43237,-0.5240812289021951,9911,-0.036948845268570805
NAR0981,6635,0.34376790480408886,21308,-0.5542660051376684,4927,-0.01964684421401104
NBC0412,10673,0.3133795640669476,18263,-0.49239446193408987,5664,-0.032574153027765576
NBH0256,5675,0.5049867828840201,22673,-0.5815375185732342,4522,-0.05092879332855759
NCE0097,9528,0.37636440812815747,18879,-0.5466179378021697,6193,-0.0293718719054612
NCH0179,8834,0.4158931455465499,24325,-0.520781096348047,6285,-0.04571201340988124
NCK0295,838,0.4842482164751089,2263,-0.5932390642637602,359,-0.0470752096151243
NCK0421,8391,0.34444047912054926,20642,-0.566040114337836,3837,-0.01725306254533669
NCO0666,9759,0.4081873197556275,18767,-0.500879213069411,4344,-0.06316758841825014
NDM0417,12047,0.4039844015646131,15874,-0.5441035691888564,4949,-0.02238836161872068
NGC0058,10845,0.4502627977884107,24648,-0.5790530766696899,7307,-0.021746271023374095
NGF0157,6517,0.5410311459324304,23024,-0.5192581693330538,6909,-0.0508756701748094
NGO0690,10870,0.48482061071319654,17100,-0.5478713473555638,4805,-0.02888657691327392
NHE0919,12412,0.3762810231467677,15742,-0.5395693120461091,4716,-0.06185326640090516
NHH0185,4037,0.4125836066272343,3406,-0.48015268166679115,1899,-0.03422854184759109
NIH0969,970,0.43319588371158874,1983,-0.6043368665124813,507,-0.03885601635809246
NJB0243,6969,0.42679007222571524,21743,-0.5522926946901405,4158,-0.07530062642269206
NJC0705,1166,0.5283018931823161,1514,-0.5651254995259772,780,-0.025512820892991162
NKH0807,11947,0.3639993361740209,16918,-0.6513949717852027,4005,-0.0186516856711902
NKH0979,7828,0.36927696021999945,28089,-0.5015628931450349,3527,-0.0009923447837125218
NKP0236,10447,0.559653493160949,17933,-0.5692745241651916,4490,-0.06285078044657187
NLO0131,1338,0.538863983439624,1701,-0.6377425026816526,421,-0.03135391970711479
NMB0972,1202,0.5506655656222793,1716,-0.5452214503413314,542,-0.038560886183458064
NMC0486,16876,0.3603756807212066,28264,-0.5008420609174986,10588,-0.0003966754875882959
NMF0780,3550,0.5056901460508225,6053,-0.5219891034097449,431,-0.016241299545958536
NMG0766,3387,0.49264836708396664,5262,-0.5485936958599072,1385,-0.025920578003575227
NMS0280,4165,0.4619928016560991,6783,-0.5466902606451773,2132,-0.03972795556385007
NNA0610,10992,0.4727984026651911,32918,-0.5499544351771533,11980,-0.04711185379050212
NNS0059,6097,0.44405445385261777,21955,-0.5250193643783062,4818,-0.037442922932372245
NOB0181,3313,0.3372472124250137,7238,-0.5106797537386302,2301,-0.02377227327904977
NRD0548,6229,0.3634291258630869,18985,-0.562233345519407,3856,-0.05324170203817645
NRF0137,1014,0.5518737798538316,1808,-0.6529867224955717,628,-0.019745223224163055
NRO0768,2931,0.4474240930510112,4550,-0.45909891194694646,2179,-0.029600734722865948
NSC0597,1456,0.541552212734062,1682,-0.5535077386215665,312,-0.00865384628279851
NSS0876,15063,0.43248357472113147,32424,-0.5111491543068736,8565,-0.0461646241555072
NUL0471,1426,0.3843618607851265,1948,-0.6549794697250552,86,-0.029069767875033757
NWK0215,17491,0.34475444707889363,36182,-0.4483500134547244,9819,-0.04407780898759778
NWT0098,10317,0.40077542498154595,15595,-0.5655658864466645,4523,-0.005107229790894721
OBH0499,17391,0.4961186818288835,43087,-0.5614825843554965,9344,-0.02765411000111944
OCB0805,6413,0.3477935495048775,18224,-0.5662368323827282,8233,-0.04570630458002028
OCS0865,8907,0.458931184741327,39316,-0.5449969519673716,7829,-0.023400179171017083
OHC0973,702,0.40242165860924284,2260,-0.5079646081655427,498,-0.027309237354730505
OJK0233,9239,0.4998376458989734,19237,-0.5533607197982479,4394,-0.06936732010511469
OKB0439,18906,0.43550725861293016,12648,-0.5692204358686495,1316,-0.030775076446426314
OKC0107,7653,0.5028877602752619,21297,-0.5184204382138414,3730,-0.026702413266529668
OLB0749,5079,0.21864540429008736,9124,-0.5682485736857533,1673,-0.013150030082382275
OLF0504,12106,0.41714026210941935,33883,-0.48461175897288333,10063,-0.03266421592944566
OLW0689,13759,0.4208445447473447,12828,-0.5232070499910887,6283,-0.016855005821746455
OMM0944,1114,0.4447935391518436,1942,-0.5467559292866445,404,-0.0363861391560571
OMS0101,10604,0.338212003443785,15893,-0.559648905366421,6373,-0.030299702318753213
ONL0276,10251,0.4522193024395943,15501,-0.5185859023094269,7118,-0.03252318115336033
ONW0083,9967,0.38807063550056015,19526,-0.5634282518944803,3377,-0.06159313091484795
OQH0183,3161,0.34043024847097164,4737,-0.5047920719371054,2136,-0.020318352362692135
ORB0473,1275,0.3632941242818739,1731,-0.5413056166615533,454,-0.03348017671034725
ORG0339,3497,0.461910212333113,4483,-0.5393040446452788,2054,-0.03266796543323657
ORM0669,11023,0.4708427862860455,17946,-0.5418310573015884,3806,-0.03704676881268096
OSH0655,2504,0.478274761553342,6321,-0.5623952034289768,1209,-0.013151364960238596
OYM0026,11583,0.3804627547541822,17466,-0.5382342879912854,3821,-0.014210939756381328
PAD0773,3501,0.5836046875050939,5692,-0.5404954356228434,1187,-0.007919123959621664
PBP0002,6461,0.49907135520741,29842,-0.585761678597038,3027,-0.016154608764012812
PDH0716,1106,0.44122966358717697,1835,-0.618365124014158,519,-0.016763006030135072
PDW0259,6969,0.3971444985662647,21640,-0.5330221821015181,4261,-0.07873738676351551
PES0085,11671,0.45719304755132184,21463,-0.5542981002729903,6310,-0.04733756013486162
PEV0323,11719,0.5366925580902447,35815,-0.5007231660138357,8518,-0.03258981030013646
PGC0066,12276,0.4746008551439514,23697,-0.5217327168268328,3471,-0.06822241530642321
PGH0184,1858,0.3531216412213249,3550,-0.5524225402004282,1233,-0.026601784662415317
PGO0433,15415,0.3982354963339075,11799,-0.5440715335657439,5656,-0.030215700591691735
PID0426,16969,0.46052214025623905,10230,-0.6118084053926803,5671,-0.037330277403381386
PIS0522,1761,0.45235662374694124,6546,-0.5558661885111112,1727,-0.026519977233626625
PKB0281,5636,0.577998580781226,23849,-0.530324122432398,3385,-0.07323486076632138
PKB0429,10217,0.47371049541161464,16333,-0.536331359809541,6320,-0.017832278746734313
PLH0715,1205,0.45435685092482825,1932,-0.6087474118278017,323,-0.021362229420489202
PLH0862,8377,0.5354900353676993,39148,-0.5725988570238763,8527,-0.04469332774467369
PMC0328,3466,0.4665320284376582,4756,-0.549516406383356,1812,-0.028311258700016318
PMJ0564,13739,0.42217774897818133,14810,-0.5778055420262358,4321,-0.004119416863050375
PMV0850,1100,0.5310909232429483,1923,-0.5292251727432865,427,-0.028103044915255115
PNH0761,2779,0.4892047577359643,5229,-0.5197743395502651,1334,-0.05689655257196262
PNL0301,536,0.5147388112911983,1105,-0.7142986360853074,33,-0.003030303075458064
POB0343,3235,0.35539413136897907,5034,-0.5207389829074243,1765,-0.02742209672590153
PPF0435,11505,0.43352456443183374,12275,-0.5095885985676966,3771,-0.04383452730394111
PRM0740,16493,0.14486145861309077,33853,-0.5677192571617224,5706,-0.012250263063720849
PSF0133,625,0.5217600043177605,1224,-0.6553921536025074,179,-0.07541899553723841
PTH0552,7977,0.3970038908659493,19142,-0.5684933656817468,5751,-0.07668231726159139
PTH0830,1184,0.45827704060168284,2351,-0.5240323325894022,715,-0.039160839744381136
QCH0110,1428,0.40168067397607143,6390,-0.5205946823707396,1027,-0.017137293342025742
QJR0688,10051,0.36052134934319463,20227,-0.5829337029513199,3922,-0.007955125054797611
QNF0205,8840,0.4099321297390968,18188,-0.5914284190773793,12416,-0.026997423082705318
QNP0216,11018,0.3727809075035532,24793,-0.581373779102033,3428,-0.051575263312288594
QOS0878,1910,0.49356021792554733,13653,-0.489050030269562,2743,-0.03846153903466005
QPM0727,18660,0.2923740652396812,35369,-0.5972009411496079,2023,-0.02990608052472578
QRM0739,17171,0.2999767061689794,29817,-0.5884663079472564,9064,-0.008506178414483619
QSV0778,4207,0.4770382749519327,4543,-0.5219238473571084,1284,-0.03177570140807428
RAB0589,622,0.4236334520377147,1035,-0.5801932449646042,109,-0.009174312063313405
RAG0275,5923,0.32770556394748546,20612,-0.5704152901965439,6335,-0.048855565053182226
RAH0440,16279,0.4987898637965194,12139,-0.5426064755689942,4452,-0.06689128581257094
RAM0447,1981,0.44977284918253857,1945,-0.6091002670459086,564,-0.05141844048250652
RAR0725,855,0.6219883106605352,778,-0.6505141393844144,226,-0.003982300944296659
RAS0432,14452,0.4138596854075983,13710,-0.5257257519304795,4708,-0.03693712884267458
RAW0915,13568,0.43045401222013235,21263,-0.5512298394692043,5469,-0.047942951893780304
RBB0485,11089,0.4851925309543539,28914,-0.4868506603811328,16049,-0.010200012613827658
RCC0617,8480,0.4828066117367444,39660,-0.5314447813671583,7912,-0.0459555113015751
RCP0785,2872,0.45692897323664267,5857,-0.5107734397025733,1305,-0.04245210791227918
RDM0115,6391,0.3669691837425244,27556,-0.5285346270400297,5383,-0.07167007351827383
RDM0150,4389,0.44723172215746976,10265,-0.5473745774639216,1906,-0.06332633882401373
RDT0424,10624,0.3567677062139454,17236,-0.5181480669493215,5010,-0.021117764785737098
RFP0380,4438,0.39700316198072816,23251,-0.58823706703011,5181,-0.05838641275962194
RGG0064,5654,0.34444641985781926,13313,-0.6106812884552746,2126,-0.03184383866830132
RGH0728,12918,0.2249961337822983,28812,-0.5485318635839788,3792,-0.025843882241643933
RGN0408,12572,0.35463729954845885,16967,-0.5484941359559964,3331,-0.018192735185532983
RHC0335,3061,0.43482522679111296,5417,-0.5479970537683104,1556,-0.03676092599765194
RHL0992,6061,0.23699059838057548,8996,-0.6239439778911134,1802,-0.06132075563073158
RHO0732,17870,0.18127028846422186,32905,-0.5579212871049425,5277,-0.01796475296809363
RHP0484,13107,0.5401388558743793,36431,-0.5110373117614776,6352,-0.0035579345618334765
RHY0079,13630,0.42570800387839663,43037,-0.5365615660039,9073,-0.07575223302563298
RIH0777,2889,0.503634479829146,6189,-0.5242042385365547,956,-0.020397489843695233
RJB0088,6546,0.47571036486957297,23116,-0.6000908520501375,3208,-0.06920199604365891
RJM0381,6157,0.4045151910631614,20277,-0.5678404136788899,6436,-0.07857364939955208
RKD0604,3571,0.4835340316824404,18133,-0.534423429027314,2598,-0.04799846106935135
RKF0164,8200,0.35830488478810324,19715,-0.5112604642538682,3815,-0.05158584611600223
RLB0719,1409,0.5000000054676369,1570,-0.6540127428568853,481,-0.009979210127911796
RLG0856,13931,0.4444404613839289,37698,-0.5078173970750355,7021,-0.043740208599365706
RMS0266,6994,0.3310123045058175,21332,-0.5776814201791883,4449,-0.026208137050455247
RMW0542,2713,0.3967195045967802,9929,-0.5649209411416917,2776,-0.07038905004023303
RNF0765,3402,0.4850970054837026,6056,-0.542007932941401,576,-0.017187500256113708
RNL0695,11648,0.4002661469301649,16284,-0.5927352058916032,4938,-0.016585662458567255
RNP0211,13906,0.4082338555936854,29870,-0.4702075695393873,5702,-0.016590670187592048
ROB0272,12386,0.36555790017833717,16621,-0.6143132167027879,3863,-0.005332643103019394
RRA0938,13314,0.3933979331768811,14003,-0.4282582377573171,5553,-0.011471276958257512
RRC0553,1086,0.36721915481389117,4688,-0.5657423234007515,1446,-0.06272475888764545
RRP0568,8585,0.41161328290063554,18661,-0.48294840115700677,5624,-0.01011735434706189
RSC0089,7560,0.5010317467340323,18653,-0.5604889331308504,6637,-0.05431671016601908
RSM0277,9736,0.48052588688483616,17524,-0.525981515418943,5515,-0.011514052755434948
RTO0313,13362,0.5080975943945193,36768,-0.5280352557431404,5922,-0.03687943317365985
RUM0880,10760,0.4106691503724201,37763,-0.5609803275767421,7367,-0.05976652729211094
RVC0232,8358,0.4342665743607815,18004,-0.562702740471619,6508,-0.016395206144737846
RVF0201,13235,0.33093313758705173,25291,-0.5832746908134057,918,-0.0927015264358266
RYB0718,1223,0.43589534635487287,1836,-0.6149782158661642,401,-0.014962593739169494
RZC0746,25348,0.216088058367602,44780,-0.5311902645541094,7632,-0.026441300184362464
SAA0999,9287,0.29609131423953633,17181,-0.6062103461108395,4672,-0.04094606225397948
SAB0781,3728,0.4423551555511106,5077,-0.48335632312619503,1200,-0.008916666799535355
SAC0592,1167,0.5937446560056269,1647,-0.522647247279349,646,-0.04241486131314523
SAC0687,9627,0.38958139401894687,15925,-0.6296828882894486,7318,-0.02067504813535743
SAH0599,951,0.4716088435329599,2210,-0.5587782832899245,299,-0.019732441765608198
SAK0375,7484,0.4339123501326393,22401,-0.5233114619022725,9559,-0.06649231190199582
SAP0867,4489,0.38734685655830164,15777,-0.5048741883431626,3386,-0.042262256979431825
SAT0194,15224,0.32658960100134155,21608,-0.574190115632668,2612,-0.04911944943025229
SBD0913,2272,0.4371919040207449,6651,-0.6079536889965526,1111,-0.05616561739858907
SBH0537,18266,0.4452096883321362,31676,-0.5166403619601452,5256,-0.03930745872880135
SBK0161,23481,0.3425450435982419,34910,-0.6019736458808056,7349,-0.027581984354397248
SBN0495,11094,0.4416982188991422,35899,-0.5198362086503405,9059,-0.01272767432587525
SBN0866,11047,0.4461663852676694,36014,-0.5105264659621578,8991,-0.062440218926205306
SBN0971,1784,0.46804933602433035,2172,-0.6148710920034631,534,-0.0018726592039347589
SBQ0786,18473,0.43350295882684375,24231,-0.558709921914363,6631,-0.023978284175732865
SCB0534,3311,0.43720930946157693,5138,-0.5654340304779422,1585,-0.03577287119551788
SCF0608,8014,0.5854629485467916,36259,-0.49653327715786805,11779,-0.039740216230175186
SCP0130,3058,0.3738064197756404,5642,-0.5841722790942848,1334,-0.08073463388669795
SDB0106,7131,0.39447483114867904,22009,-0.5253032889624891,3730,-0.04820375406949833
SDF0017,13753,0.4144186841933838,19485,-0.503130619046258,6206,-0.010054785841094498
SDO0170,12947,0.5131999754095212,33410,-0.5388566331172446,9371,-0.0322377552557508
SED0886,3601,0.4799777837229649,5120,-0.5500000098982127,1313,-0.06618431172498927
SEJ0677,5232,0.4086582610534578,9901,-0.5410968671527345,1587,-0.03780718392821025
SER0165,16599,0.4570877849714563,19859,-0.5461352595478766,2872,-0.00034818942023020935
SES0477,12159,0.4663130168733564,35115,-0.4766937224130489,8778,-0.005297334323639097
SGB0140,1097,0.4768459519597217,2076,-0.637668592255986,287,-0.014982578620470359
SGG0787,19271,0.4024700364739261,27014,-0.5275116650653934,3193,-0.033448168365626064
SGM0021,7627,0.4878851501973253,24809,-0.5466645213239758,7008,-0.0009560502425567609
SGS0268,8470,0.3626918667129108,17128,-0.5797582908017176,7272,-0.020943344646513592
SHR0334,2582,0.4222308337648048,5901,-0.4835451711079687,1551,-0.02359767926846067
SHW0578,1424,0.49733147209279993,1903,-0.6134524483447067,133,-0.0030075188418080038
SIJ0661,10065,0.3979930577478596,31736,-0.4972082234056066,7534,-0.011985665163999848
SJC0333,3218,0.4285891886298111,5019,-0.5059972159723334,1797,-0.019254313030372942
SJF0094,10158,0.35745225858429586,20419,-0.5425143269409226,2293,-0.0321849110770631
SJO0209,16342,0.5139579023145072,24933,-0.4674527798114986,9204,-0.023739678754444125
SJW0451,1255,0.4251792912761054,1919,-0.6459614449239386,286,-0.03216783264717022
SKG0759,3858,0.5187921278534033,5509,-0.575712474742977,667,-0.041829086080573306
SLB0049,14116,0.30077218113229054,43075,-0.5251816610202358,8549,-0.03206222997829083
SLP0762,2761,0.46628033898147453,6081,-0.5448117143664581,1192,-0.04387583957997544
SLT0907,1384,0.4955924907160891,3163,-0.5583939391517805,470,-0.0731914904523403
SMB0804,4981,0.5557719335824556,21019,-0.6200628022253131,6870,-0.06066957877886521
SMH0291,1492,0.29792225956617185,2988,-0.6676706802424098,320,-0.058437500870786606
SMW0084,6343,0.3777077128256455,21043,-0.5595637515285693,5484,-0.08453683568712224
SMY0792,8640,0.4905092564937486,18108,-0.5299480929213669,6122,-0.04955896839611439
SNC0187,2941,0.46766406502885016,4038,-0.5374442867569371,1721,-0.028646136394321467
SNS0129,7565,0.33389293649046137,26012,-0.5394817833381534,5867,-0.05126981497908118
SOB0360,5672,0.3700458438770139,14222,-0.6014695550087065,5870,-0.04509369743515117
SOB0586,1001,0.538261750822777,2364,-0.5642555037768662,95,-0.0010526315946328012
SOF0808,12318,0.45722520429133534,16140,-0.624987613516854,4412,-0.0007026292035796917
SOG0411,11643,0.3630335919541724,17149,-0.5446440035246908,4078,-0.016748406330983154
SPA0141,14537,0.38176378610312567,19338,-0.5301944454312201,3493,-0.02341826545059118
SRH0155,13153,0.500478979413395,21381,-0.43102287577445925,6506,-0.03441438723276514
SRS0231,4268,0.41572165253878535,25163,-0.49882765173407506,3439,-0.04364640949016118
SSG0250,5560,0.4564568356590734,21578,-0.5627444627623053,5637,-0.07172254852306892
SSH0799,7445,0.4634116901456309,20160,-0.5809127020930487,5265,-0.09441595582286177
SSJ0784,5340,0.524550568966774,6840,-0.485760241683725,957,-0.05120167265429143
SSR0278,4152,0.39373796167092573,12715,-0.5587180519802477,1753,-0.019965773258152106
SSS0345,2420,0.3503719050560362,5713,-0.5443549875607533,1901,-0.046396634042231676
SVL0803,7518,0.4893854793193858,19127,-0.5702985339230923,6225,-0.052064257803930335
SVL0940,11172,0.438882927619377,17451,-0.5630279078419574,4247,-0.025288439274872784
SVS0871,15262,0.4593369234531489,28604,-0.5013389741336902,12186,-0.032020351699855
SXM0895,3506,0.49343982255814145,5740,-0.5742508833390703,788,-0.024746193262148025
TAC0300,1620,0.5332098813290581,1649,-0.6714372309935751,181,-0.035359116548991334
TAP0551,3143,0.3968819630585049,13588,-0.5536429268906475,4646,-0.05049505025738537
TBT0461,1636,0.44352078835382003,1756,-0.5809795082141571,68,-0.00441176477162277
TCD0009,10251,0.36888109019629234,26492,-0.5820436443873093,2701,-0.032025176338004606
TDG0962,1110,0.37513514223533706,2069,-0.5652005905803129,271,-0.024723247600877418
TDJ0998,14758,0.26431088534394953,15855,-0.6201072214473802,2257,-0.07740363429474208
TDS0984,7519,0.38425322878803087,23960,-0.5439482501090718,9371,-0.011034041355328147
TEB0251,2747,0.38136149480705656,25834,-0.5441356361468362,4289,-0.06106318580149548
TEM0093,4731,0.24823505055971162,16633,-0.5752419910141073,2101,-0.046644455716474915
TEM0977,18232,0.44967091517762403,14924,-0.4872688335388763,6288,-0.00965330803188621
TET0621,9343,0.3379428508674245,37664,-0.4802702910819913,9045,-0.026080707961877714
THD0448,1060,0.4317924615979757,1923,-0.5967758752316531,477,0.0
THR0873,12225,0.3623312934836971,39388,-0.5027597310174549,7207,-0.04573331551428094
TIW0299,527,0.37874763345865414,2698,-0.6005930299556547,235,0.0
TJB0302,722,0.32659280389918843,2622,-0.7003051036987298,116,-0.03620689709124894
TJD0996,10299,0.25970482791942445,19903,-0.6303220594782197,2668,-0.06866566818961496
TJG0582,1086,0.33674034089343985,1934,-0.5860910053290773,430,-0.035116279593040776
TLH0648,4094,0.5214948754832258,5543,-0.5228396297877561,397,-0.04760705360612581
TLK0993,14829,0.3101625212209642,15527,-0.5952856312253682,2514,-0.06563245921189005
TLM0797,5370,0.4447113631629633,20678,-0.5320969184103747,6822,-0.05043975448951767
TMA0069,6973,0.43907931385163546,21493,-0.5624249781505885,4404,-0.038692098669200245
TNM0961,1118,0.33506261561339146,1237,-0.6164915168487746,170,-0.03647058877874823
TOR0193,13776,0.2592044215720757,19084,-0.5819901533118773,6470,-0.05862442127542665
TPH0474,1687,0.44819206119060656,1624,-0.6075123218645163,149,-0.026174497034325696
TQS0212,13367,0.45493379479458507,29277,-0.490873385199262,6834,-0.0006145741970419779
TRK0914,13371,0.39536310382207984,16580,-0.5849698469069741,2919,-0.07218225527224209
TSB0437,5516,0.4793872442852876,3719,-0.5723043879527627,799,-0.03178973764516833
TSG0906,3277,0.5677143799679324,5610,-0.6110695288089932,1118,-0.0067978534107771245
TSM0363,9800,0.46122449297229856,24795,-0.5740834877240512,4805,-0.0613943817681254
TSM0927,13583,0.44096297195996764,15066,-0.5393136940163619,4221,-0.07832267351962187
TSR0676,7841,0.41966585698172293,21016,-0.5267367798162871,5743,-0.043287481055968774
TTD1000,13280,0.36342620883159427,16597,-0.6014279698136126,2993,-0.04807885136795092
TUC0632,2121,0.5260254630870776,7031,-0.5450291650666738,882,-0.01848072589896704
TVS0006,20322,0.353331369560422,71073,-0.5683494502702074,7215,-0.01901593929929859
TVS0050,16395,0.32386094083252315,43609,-0.5324932938946195,5736,-0.050034868249064376
TYB0779,2918,0.5355723135740157,5557,-0.516627685174102,1559,-0.004874919893039657
UAD0771,2299,0.3943453721374779,5984,-0.5504512088846435,1751,-0.021587664513571612
UBF0645,2634,0.4469248331834307,6073,-0.5704100207831584,1298,-0.02488443796710902
UCH0519,2869,0.45270129735200154,4838,-0.5562215935086209,384,-0.010416666821887096
UCS0227,8852,0.3957184861269786,17179,-0.5016415457684861,6839,-0.04826729125879124
UFK0208,16608,0.47088150877769325,26776,-0.5392627797393095,6094,-0.02893009560667455
UIR0043,13841,0.46966982333958646,19850,-0.5619042902028831,5684,-0.03309289282246806
UJC0737,17916,0.18639205558319913,30304,-0.5409516914921725,7832,-0.019675689772250884
USH0199,7163,0.45270138649231195,21247,-0.5003953528088918,4460,-0.0781838576672724
VAA0087,4976,0.4916197726386225,23553,-0.5686239591501414,4341,-0.04692467243385546
VCC0396,7336,0.4536941193192466,21323,-0.4945739409608297,4211,-0.025789599054444574
VCY0751,14940,0.12141901154814155,36359,-0.6388487014524542,4753,-0.012097622734444934
VEB0935,11066,0.2903849706841478,15818,-0.5018839321664091,5986,-0.00010023388054472047
VFM0814,8610,0.4096631883908578,11080,-0.5614711254485463,3110,-0.01858520928015663
VIA0063,17639,0.39247123625266106,25030,-0.528473832890171,6809,-0.07319724003917444
VLB0647,2606,0.46473523267385414,6845,-0.5710591787465564,583,-0.004802744496952404
VMJ0147,12052,0.4320942663228763,29539,-0.5601476104383022,7887,-0.04965132570499489
VMJ0546,7765,0.5199356115198258,20481,-0.5652897832746484,4624,-0.0699827000047612
VSA0230,7717,0.38512375604110755,15263,-0.5638013578785878,5140,-0.03478599273625051
VSS0154,6407,0.4420321609703375,14836,-0.5254718309148331,3263,-0.046797426379223815
VTT0385,7203,0.4005969756688986,20697,-0.5469488348685331,4970,-0.05788732480625032
WAB0143,5427,0.36285241637794224,14418,-0.5427243773021783,4285,-0.057339557447191436
WAS0254,7182,0.44693678758252103,19694,-0.5539250565639628,5994,-0.04247580977541469
WBC0192,12092,0.32740656187338246,32312,-0.487425731132086,7496,-0.03251067284303802
WBC0315,8770,0.48415052123376284,35459,-0.537666042773244,11499,-0.05813549090889871
WDD0366,6096,0.5221456714448692,19632,-0.5077017141200948,9122,-0.04406928370864578
WDO0870,12950,0.5052587023193311,36527,-0.5451994437547811,9343,-0.0581718942629542
WDV0573,1315,0.5929277703109349,1457,-0.5691146269164514,342,-0.01403508792843735
WGR0833,1103,0.5111514166375776,1918,-0.5651720607725125,439,-0.025968109726362727
WGS0516,2864,0.5087290567569642,6240,-0.5592468035980486,930,-0.03548387149649282
WIF0691,9859,0.4676336450622246,19441,-0.5758242923359181,5300,-0.01933962292969227
WIQ0567,17619,0.48519212936783657,18013,-0.5097429716869323,6358,-0.0044353570966047095
WJD0576,1128,0.5327127768083456,1952,-0.6044569700330373,380,-0.02421052667655443
WKD0013,20499,0.4694570540982756,40028,-0.5602103618027697,5213,-0.027182045292824582
WKF0012,15294,0.458205840478142,40807,-0.5413997680621435,9639,-0.035065878725655406
WLV0566,10172,0.4318029985140908,16806,-0.5240271355427902,5892,-0.03038017696322265
WNB0908,2549,0.4868575949068395,6454,-0.5597923870911568,1031,-0.027546072185444206
WPE0538,3042,0.40223538152075067,4885,-0.5160696034696232,2078,-0.04744947135190303
WPR0368,7645,0.3891170731658558,32314,-0.5768459500604177,8574,-0.05416375168184036
WRM0963,642,0.5485981393060023,816,-0.6008578472971624,282,-0.025886525208434315
WSR0241,10737,0.45394430971738514,17341,-0.5082348238967446,4792,-0.04515859833568683
WTF0387,8166,0.37716140869586107,18725,-0.5801441959203165,5884,-0.047926581271605616
WTR0563,9073,0.34566296669330693,17176,-0.5818816971937806,6621,-0.018939737482042834
WVB0539,15944,0.4562029696737425,26156,-0.5302301588154774,7378,-0.018473841424644658
WXH0872,9380,0.5461833745995754,38754,-0.5707668867378423,7918,-0.055847437053459646
XAA0104,9082,0.40443735687356247,19066,-0.5092835444236031,4722,-0.009254553293346197
XBN0229,8091,0.3427512101877857,17761,-0.4890546796231057,7018,-0.05198062203418974
XHG0902,3041,0.4944426222057846,6453,-0.570060445385147,540,-0.042962963603161
XHW0498,7302,0.43620925690132895,18003,-0.4834138821393114,6385,-0.010180109783645338
XLB0710,1198,0.46435727636782276,2051,-0.6081911329087369,211,-0.002843601938107567
XRS0633,3186,0.4862837519868507,6288,-0.5758905920339866,560,-0.062321429500090224
XWD0923,8107,0.39204391808630107,11991,-0.5723709482825455,3652,-0.015991237916272678
YCE0983,8756,0.4451804527686973,20865,-0.5197459888292565,3249,-0.037950139069656254
YDN0198,16141,0.45437705940927287,19595,-0.5372339926772228,3708,-0.08727076721197836
YEV0793,7133,0.29788308295363986,20306,-0.5714074688601538,5431,-0.07083410158948199
YIC0195,11391,0.31980511341409135,26761,-0.5058704852731563,1976,-0.020293522569603525
YJF0532,2185,0.3345995462970548,6826,-0.5428215780265688,1023,-0.005767351014581477
YJV0699,894,0.42774049701873357,2085,-0.5611031211966233,481,-0.04698544768558471
YWW0660,2311,0.4664647395717329,4420,-0.5438687877721107,838,-0.022553699620085854
ZCF0590,1081,0.5553191590719925,1980,-0.5964141440737729,389,-0.001285347062854963
ZDW0859,13974,0.4417775911218374,33010,-0.5026567757066471,5954,-0.05404769983123844
ZFM0468,1186,0.454468810575909,1590,-0.6108176154160649,684,-0.021345029557831803
ZJE0857,7932,0.38564044942180437,40583,-0.5065988247962012,10939,-0.04841393252506216
ZJS0269,9329,0.33537357648730165,18691,-0.4992830809587448,4850,-0.0004742268111902414
ZKS0899,2818,0.4215755926919711,6560,-0.5684756166324383,598,-0.014882943365585844
ZMC0284,9775,0.3942711005613322,21832,-0.49818157068033625,1263,-0.04077593093223262
ZSB0649,2283,0.4920718413282005,6009,-0.5814278700408652,1742,-0.04110218201315909
ZSK0258,7006,0.5303739649808614,22712,-0.5537205048478869,3152,-0.060881980602643666
ZSL0305,1028,0.48472763388508255,2139,-0.5784011216030437,283,-0.025088339596460226
